ad_id,subject,body,ad_status,account_id,dwh_update_time,first_approved_time,category,city_id,district_id,ward_id,ad_type,price,unit_price,size,images_count,width,length,rooms,living_size,project_id,unique_street_id,street_id,property_type,no_ads,image_link
167043362,"VIP!Láng Hạ, ngõ thông 3 gác ,lô góc, KD,nhà đẹp,full nội thất ,36m*5T","LÔ GÓC 3 THOÁNG –NGÕ THÔNG TỨ TUNG - GẦN PHỐ – KINH DOANH – CHO THUÊ – NHÀ THOÁNG SÁNG VĨNH VIỄN - FULL NỘI THẤT - Ở SƯỚNG
- Bán nhà Láng Hạ, quận Ba Đình, diện tíc 36m² dân xây 6 tầng chắc chắn, giá chỉ 6.1 tỷ.
- Vị trí trung tâm, ngõ thông thoáng, một bước ra phố . Gần  bệnh viện,  trường chợ dân sinh , dân cư đông đúc, phù hợp kinh doanh, cho thuê cực tốt.
- Trước nhà là sân rộng, đỗ xe thoải mái, an ninh đảm bảo, hàng xóm thân thiện.
- Sổ đỏ chính chủ, giao dịch nhanh gọn.

Liên hệ: em Phương Nam chuyên nhà đẹp Đống Đa để được tư vấn và xem nhà miễn phí",accepted,345847,2025-06-01 23:05:00+00:00,2025-05-05 09:41:02.863727,1020,12000,12075,70,sell,6100000000,169444444.0,36.0,14.0,,,5,,,6f204f160fe7ab7b745a2dab6b079751,,3.0,10,https://cdn.chotot.com/_ftDSiSEYT3hqCjTWsK-BotGjIF-sA69_8fiUAuft8Y/preset:listing/plain/ad2d3168c2ac41469805fe38ab40c4d4-2929994554452475432.jpg
167160324,"Giảm sâu Thái Thịnh ,sát phố, ngõ 3 gác ,2 thoáng ,KD ,full NT ,37m*4T","SIÊU PHẨM  THÁI THỊNH – SÁT PHỐ – NGÕ THÔNG TỨ TUNG  – BA GÁC TRÁNH – KINH DOANH ĐỈNH – NHÀ ĐẸP Ở LUÔN -  2  THOÁNG- TẶNG FULL NỘI THẤT
	•	Bán nhà Thái Thịnh , diện tích sổ 37m2 *4T giá chào mới 6.1 tỷ (đã giảm 300 triệu, có thương lượng).
	•	Vị trí trung tâm quận Đống Đa, gần các tuyến phố lớn như Thái Thịnh, Yên Lãng, giao thông thuận tiện đi Cầu Giấy, Tây Hồ.
	•	Ngõ rộng, ba gác tránh, sát phố, khu vực kinh doanh sầm uất, dân trí cao, đầy đủ tiện ích trường học, chợ, bệnh viện.
	•	Nhà 2 mặt thoáng, nội thất đầy đủ, về ở ngay.
	•	Thiết kế 3 phòng ngủ riêng biệt, 3 vệ sinh, phòng khách, bếp khép kín, phòng nào cũng thoáng sáng.
	•	Sổ đỏ chính chủ, pháp lý chuẩn, sẵn sàng giao dịch.
            •   Liên hệ:em Phương Nam chuyên nhà đẹp Đống Đa để được tư vấn và xem nhà ngay miễn phí",accepted,345847,2025-06-01 23:05:00+00:00,2025-05-01 21:14:15.088700,1020,12000,12075,78,sell,6100000000,164864865.0,37.0,7.0,,,3,,,8c49f54fc8d4544fa43cda00fec6df26,,3.0,10,https://cdn.chotot.com/bVflwPa1NkGnoKDV9XjPubxnYLmNLcWNOmjPCTf8hZQ/preset:listing/plain/809bcdf691ba7a24af5514162a189d23-2929484530043376190.jpg
167241716,"Hiêm! Văn Miếu ,30m ra phố , ngõ 3 gác ,lô góc,tặng nội thất , 36m2*5T","TRUNG TÂM ĐỐNG ĐA VĂN MIẾU  - 30M RA Ô TÔ - NGÕ 3 GÁC THÔNG TỨ TUNG  - NHÀ MỚI ĐẸP LÔ GÓC - TẶNG NỘI THẤT ~ Ở SƯỚNG 
	•	Bán nhà Văn Miếu , Đống Đta, diện tích 36m2, giá chào 5.8 tỉ  (có thương lượng).
	•	Vị trí trung tâm quận Đống Đa, gần  phố cổ, đi bộ vài bước ra Văn Miếu . Gần trường học các cấp , chợ dân sinh . Tiện ích ngập tràn 
	•	Thiết kế nhà dân xây 5 tầng KCBT chắc chắn, 4 phòng ngủ khép kín, phòng khách, phòng thờ, sân phơi rộng. Tặng full nội thất chỉ việc xách vali về ở ngay 
	•	Sổ đỏ chính chủ, sẵn sàng giao dịch 
       • Liên hệ : em Phương Nam chuyên nhà đẹp Đống Đa để được tư vấn miễn phí

Liên hệ: em Phương Nam chuyên nhà đẹp Đống Đa để được tư vấn và xem nhà miễn phí",accepted,345847,2025-06-01 23:05:00+00:00,2025-05-05 13:37:14.079468,1020,12000,12075,64,sell,5800000000,161111111.0,36.0,9.0,,,4,,,1cebb3ab541ceaf9937190d3884b61f3,,3.0,10,https://cdn.chotot.com/aGBRLiZ9Rw__iDP5vf2AfI9p77v5aGtRmeNFqStnq5s/preset:listing/plain/756e6ea95bd6da565d50f1fc03978ec9-2930018107421881361.jpg
167248274,"Siêu hiếm Thái Thịnh  ,gần oto , ngõ 3 gác  ,KD ,full nội thất 38m2*4T","SIÊU HIẾM  THÁI THỊNH – GẦN OTO – NGÕ  RỘNG THÔNG TỨ TUNG  – BA GÁC TRÁNH – KINH DOANH ĐỈNH  -  NHÀ  THOÁNG SÁNG VĨNH VIỄN - TẶNG FULL NỘI THẤT
	•	Bán nhà Thái Thịnh , diện tích sổ 38m2 *4T giá 6,1  tỷ ( có thương lượng)
	•	Vị trí trung tâm quận Đống Đa, gần các tuyến phố lớn như Tây Sơn , Yên Lãng, Ngã Tư Sở ..
	•	Ngõ  thông  rộng, ba gác tránh, gần  phố, khu vực kinh doanh sầm uất, dân trí cao, đầy đủ tiện ích trường học các cấp , chợ . Sát  bệnh viện châm cứu TƯ ..
	•	Nhà 2 mặt thoáng sáng , full nội thất , ở sướng ,chỉ việc xách vali về ở ngay 
	•	Thiết kế 3 phòng ngủ riêng biệt, 3 vệ sinh, phòng khách, bếp khép kín, phòng nào cũng thoáng sáng.
	•	Sổ đỏ chính chủ, pháp lý chuẩn, sẵn sàng giao dịch.
            •   Liên hệ:em Phương Nam chuyên nhà đẹp Đống Đa để được tư vấn và xem nhà ngay miễn phí",accepted,345847,2025-06-01 23:05:00+00:00,2025-05-05 17:01:10.155331,1020,12000,12075,78,sell,6100000000,160526316.0,38.0,7.0,,,3,,,8c49f54fc8d4544fa43cda00fec6df26,,3.0,10,https://cdn.chotot.com/ESN323Nn4snjHf7wm1DRgXg3TIBWYe92EHhlHAjLMJw/preset:listing/plain/ebe490f8084225fb229a0c2a125bbc21-2930038143602523688.jpg
167265221,"Rẻ! Trần Quý Cáp ,gần phố,,ngõ 3 gác ,nhà thoáng ,full nội thất 38m25T","1 BƯỚC RA PHỐ  - NGÕ 3 GÁC THÔNG - NHÀ MỚI ĐẸP LÔ GÓC - FULL NỘI THẤT ~ TIỆN ÍCH NGẬP TRÀN 
	•	Bán nhà Trần Quí Cáp , Đống Đa, diện tích 38m2, giá chào 5.85tỷ (có thương lượng).
    - Vị trí trung tâm quận Đống Đa, một bước lên phố cổ , gần Văn Miếu Quốc Tử Giám .  
    - Gần  trường học các cấp , chợ dân sinh . Tiện ích ngập tràn 
    - Thiết kế nhà dân xây 5 tầng KCBT chắc chắn, 4 phòng ngủ khép kín, phòng khách, phòng thờ, sân phơi rộng. Tặng full nội thất , ở ngay  
    - Sổ đỏ chính chủ, sẵn sàng giao dịch 

Liên hệ: em Phương Nam chuyên nhà đẹp Đống Đa để được tư vấn và xem nhà miễn phí",accepted,345847,2025-06-01 23:05:00+00:00,2025-05-06 11:05:34.646821,1020,12000,12075,64,sell,5850000000,153947368.0,38.0,7.0,,,4,,,,,3.0,10,https://cdn.chotot.com/5bTc68nECdEymxDZMblHla_Ha1PxrGlHSJiKty94KU8/preset:listing/plain/19ef3a41bdac1ccc20412bcdb0da12f4-2930148016402465695.jpg
167271773,Biệt thự khu Ao Sen 10x20m - Hầm + 3 Lầu - 28 Tỷ kế bên Aeon mall,"Bán biệt thự chính chủ khu Ao Sen gần Aeon mall Bình Tân
Dt: 10x20m - Hầm + 3 Lầu nhà đẹp ở ngay
Giá: 28 tỷ
Đường rộng, khu biệt thự cao cấp, gần công viên, vp khu phố…
Lh Tâm ký gửi mua bán, thuê bđs khu Tên Lửa",accepted,142419,2025-06-01 23:05:00+00:00,2025-05-06 14:26:33.721198,1020,13000,13108,9461,sell,28000000000,140000000.0,200.0,6.0,10,20,5,,,,,1.0,10,https://cdn.chotot.com/1aFP4hS9aVTIqEPUR_HDHlQcxFZmUpf9ZDim5anGGBo/preset:listing/plain/61ce461210f1a2f74efb8f11b3c77e5d-2930168017731235786.jpg
167277953,"Nhà Thới Nhựt 1, 60m2, 1 phòng ngủ, 1 máy lạnh, máy giặt, Bắc, lộ oto","CHỦ GỬI - 7 TRIỆU
Cho thuê nhà trệt mới đẹp - KDC Thới Nhựt, An Khánh, Ninh Kiều, TP. Cần Thơ.
--------
- Diện tích: 5x12m - DTSD: 60m2
- Hướng: Bắc
- Lộ giới: 12m (3-6-3)
🏡Kết cấu: Nhà trệt, 1 phòng ngủ, phòng khách liên thông với nhà bếp rất rộng, 1 nhà vệ sinh và khu vực giặt giũ sân phơi.
🎁Thiết bị: 1 máy lạnh inverter mới 100%, 1 quạt trần nhà, 1 máy giặt, kệ tủ bếp nhôm hộp mới 100%
THÍCH HỢP Ở, SPA, SHOP,...
---------
💰Giá cho thuê: 7triệu/tháng - cọc 2 tháng. 
☎️Liên hệ: gặp Kim Trường",accepted,359963,2025-06-01 23:05:00+00:00,2025-05-06 17:27:10.249697,1020,5027,502701,10739,let,7000000,116667.0,60.0,7.0,5,12,1,60,,5c172e54976fb7354dda94ec077bde22,,4.0,10,https://cdn.chotot.com/biQflqsi6W18Mux7130gPtqmzqZf_1brbgo-sgvCQK0/preset:listing/plain/3f48cd13377b438fedfeead75578b3b4-2930186292805490905.jpg
167292320,Bán nhà đường số 3 khu Tên Lửa - 6x20m - Hầm + 3 Lầu - 16 Tỷ,"Bán nhà MT đường số 3 khu Tên Lửa - gần đs6
Dt: 6x20m - Hầm + 4 Lầu - 16 Tỷ
Đường rộng, đối diện công viên, thích hợp ở, làm ks, chdv…
Lh Tâm ký gửi mua bán bđs khu Tên Lửa",accepted,142419,2025-06-01 23:05:00+00:00,2025-05-07 10:24:56.128022,1020,13000,13108,9461,sell,16000000000,133333333.0,120.0,4.0,6,20,8,,,,,1.0,10,https://cdn.chotot.com/-lp-FftAwfGAsU9pLB1IIRITBnCoUwvwqa6pigsuBF4/preset:listing/plain/2e5c113f4539fd380c374f3602b0ce84-2930288638229028706.jpg
167292729,"Nhà mới MT đường 7b khu Ao Sen, đối diện công viên 5x20m - 4 Tầng NTCC","Bán nhà mới mt đường 7b ngay công viên vip khu Ao Sen gần Aeon mall Bình Tân
Dt: 5x20m - 4 Tầng nột thất cc
Giá: 15 Tỷ SHR
Lh Tâm ký gửi mua bán, thuê bđs khu Tên Lửa",accepted,142419,2025-06-01 23:05:00+00:00,2025-05-07 10:33:15.543411,1020,13000,13108,9461,sell,15000000000,150000000.0,100.0,6.0,5,20,4,,,29eea652e9ce25e6220a4aef30639e8b,,1.0,10,https://cdn.chotot.com/33HVGYlI4rJno73C9UICvhKbAo6xfeoGZe0EGs9Osyo/preset:listing/plain/0c33c959e5d495d10483bb7d3f67be35-2930289491415399976.jpg
167306519,Bán gấp nhà DT 149m2 (6.3x25) gần chợ Bà Điểm 1/Nguyễn Ảnh Thủ-H.Môn,"Xã Bà Điểm - Hóc Môn.
* Chủ kẹt tiền cần bán gấp căn nhà vườn vị trí đẹp với đầy đủ tiện ích, gần chợ Bà Điểm, nhà thờ mới Bà Điểm, Ngân hàng ACB- Hóc Môn!
+ Diện tích 6.3m x 25m, thổ cư 149m2, hướng Đông Bắc, sổ hồng riêng.
+ Giá bán: 5.99 tỷ
* Vị trí nhà:
- Ấp Tây Lân, Bà Điểm
- Cách đường Nguyễn Ảnh Thủ 50m
- Cách chợ Bà Điểm 100m
- Cách UBND xã Bà Điểm 300m
- Dân cư đông đúc, an ninh, xung quanh không thiếu thứ gì...
* Liên hệ: - A Thanh! Chân thành cảm ơn.
* Đ/c: VP Chợ Địa Ốc Số 8/2C Phan Văn Hớn, Bà Điểm, Hóc Môn.",accepted,31373,2025-06-01 23:05:00+00:00,2025-05-07 17:24:48.786071,1020,13000,13117,9508,sell,5990000000,40201342.0,149.0,16.0,6.3,25,3,190,,0d1f1183356bd1f3e6c01c796479b636,,3.0,10,https://cdn.chotot.com/9yQQ9LmnaM0Mx9h82ucJEOtZ8TzSl0BK6GMGq_e89IE/preset:listing/plain/0d4482950c28628510f21f3d21da22a6-2932917069185419219.jpg
167306757,"Bán đất DT 138m2, full thổ, ngang 5.6m, hẻm xe tải gần chợ Bà Điểm-HM","Xã Bà Điểm - Hóc Môn.
* Bán đất full thổ, hẻm xe tải thông gần gần chợ Bà Điểm - Hóc Môn, KCN Vĩnh Lộc A!
+ Diện tích 5.6m x 18m, nở hậu chữ L 10m, hướng Đông Nam, sổ hồng riêng.
+ Giá bán: 4.3 tỷ
* Vị trí nhà:
- Hẻm xe tải thông 5m
- Cách đường Phan Văn Đối 120m
- Cách Phan Văn Hớn 300m.
- Cách chợ Bà Điểm 350m.
- Cách KCN Vĩnh Lộc A 600km.
- Cách cầu Tham Lương 3km.
* Liên hệ: - A Thanh! Chân thành cảm ơn.
* Đ/c: VP Chợ Địa Ốc Số 8/2C Phan Văn Hớn, Bà Điểm, Hóc Môn.",accepted,31373,2025-06-01 23:05:00+00:00,2025-05-07 17:35:01.997189,1040,13000,13117,9508,sell,4300000000,31159420.0,138.0,5.0,5.5999,18,,,,247bfef6555416f29668eec80e10795f,,1.0,10,https://cdn.chotot.com/7H894s_VSPjpTgrytWwXg9mfGlZV23D8KBtNTvF1MPs/preset:listing/plain/c27883084c70ac9aa70aed4b29afb3af-2930331767535696335.jpg
167333192,"Nhà góc cty 8 Cần Thơ, 8x14, 5 phòng ngủ, 5WC, ĐB-TB, lộ 16m, oto","CHO THUÊ NHÀ 2 MẶT TIỀN GÓC- CTY 8- HƯNG THẠNH - CẦN THƠ. GIÁ: 14 TRIỆU.
---------------
- DT: 8 x 14. DTSD: 336 m2
- Lộ giới 16m
- Hướng: Đông Bắc- Tây Bắc.
🏡 Kết cấu: 1 Phòng khách - 5 phòng ngủ - 5 giường - Nệm - Có 5 wc trong phòng ngủ - bếp - ban công.
🎁 Nội thất:  5 máy lạnh, nước nóng NLMT - máy giặt - tủ lạnh lớn - tủ áo
NHÀ RỘNG ĐẸP, PHÙ HỢP Ở GIA ĐÌNH, MỞ VP CTY, SHOP ONLINE
---------------
💰 Giá: 14 triệu, cọc 2 tháng.
☎️ LH: gặp Kim Trường.",accepted,359963,2025-06-01 23:05:00+00:00,2025-05-08 16:24:23.182221,1020,5027,502704,10758,let,14000000,125000.0,112.0,20.0,8,14,5,336,,4a354372f63a85ebe4c89369bb761f8e,,4.0,10,https://cdn.chotot.com/25DuaiPF2tDmNxcDHxpgG9_LZsI5BwXaCfdVH6a24UM/preset:listing/plain/1a7384d5fcf278a17e0c93b0c373efa4-2930469870229545894.jpg
167355510,"Căn hộ Nam Long Hồng Phát, 40m2, 2 phòng ngủ, 3 máy lạnh, thang máy","CĂN HỘ NAM LONG FULL NỘI THẤT- 6 TRIỆU.
———
+ Diện tích: 40m2
+ Hướng cửa: Đông Bắc 
+ Hướng ban công: Tây Nam view Rạch Cái Da.
🏡Kết cấu: Phòng khách, 2 phòng ngủ, 1 toilet, 1 bếp, 1 phòng mở, ban công.
🎁Nội thất: 3 máy lạnh, 1 sofa, 1 tivi, 1 bàn học, giường ngủ, tủ quần áo, máy nước nóng gián tiếp, bếp điện.
* PHÙ HỢP Ở GIA ĐÌNH, NHÓM ĐI LÀM
———
💰 Chỉ 6 triệu. Đặt cọc 2 tháng. HĐ 1 năm
☎️ Liên hệ: gặp Kim Trường",accepted,359963,2025-06-01 23:05:00+00:00,2025-05-09 13:37:24.233517,1010,5027,502704,10758,let,6000000,150000.0,40.0,12.0,,,2,,,5a58ffaba62c3ca758b31c2f54dbb113,,,10,https://cdn.chotot.com/jTQHymRT2Ew6LFRifMcrZnr8Er2rwWRgxhfScaFv6Vs/preset:listing/plain/0be6d1f6bd01f34771bf857643c93411-2930598011702790550.jpg
167364080,nhà mới 100% ấp 5 bình mỹ.DT : 4m x 7m shc,"❤️nhà ấp 5 bình mỹ.đường trước nhà 4m 
❤️dt: 4m x 7m sổ chung mua bán kí vi bằng
❤️giá : 600tr(bớt lộc) 
❤️nhà đất ngọc ngân 
❤️mong ace chốt kèo vv",accepted,119747,2025-06-01 23:05:00+00:00,2025-05-09 18:18:16.731565,1020,13000,13116,9494,sell,600000000,21428571.0,28.0,5.0,4,7,1,28,,f08b30c226f302763e6ab83ff10fcbfa,,3.0,10,https://cdn.chotot.com/BxjQeRuyuEwZqX95musdgkYVsutJaF_JHo8x7SUdZIw/preset:listing/plain/dc8c013b0ab5a749c8c08cbb76c22ebc-2930626242070369811.jpg
167373730,"Đất thổ cư DT 10x18, nhựa 7m hẻm Phan Văn Hớn, gần chợ Bà Điểm - H.Môn","Xã Xuân Thới Thượng - Hóc Môn.
* Chủ kẹt tiền cần bán gấp lô đất làm của để giành xây nhà vườn hoặc nhà phố 02 căn trong kdc ổn định, gần chợ Bà Điểm, chợ Đại Hải - Hóc Môn!
+ Diện tích 10m x 17.5m, full thổ cư, hướng Tây Nam, sổ hồng riêng.
+ Giá bán: 5.5 tỷ
* Vị trí nhà:
- Hẻm nhựa 7m
- Cách Phan Văn Hớn 200m.
- Cách chợ Bà Điểm 900m.
- Cách KCN Vĩnh Lộc A 1.8km.
- Cách cầu Tham Lương 3.5km.
* Liên hệ: - A Thanh! Chân thành cảm ơn.
* Đ/c: VP Chợ Địa Ốc Số 8/2C Phan Văn Hớn, Bà Điểm, Hóc Môn.",accepted,31373,2025-06-01 23:05:00+00:00,2025-05-10 09:31:00.480700,1040,13000,13117,9507,sell,5500000000,31428571.0,175.0,3.0,10,17.5,,,,ff1a3fc5ae2039aa366658d62aed8096,,1.0,10,https://cdn.chotot.com/vEOmrWst4JICNfFyem0FPLwWm_A9milxFBAas-y868g/preset:listing/plain/080db0d50c536e4d7a759caf9e16576b-2930717959549950634.jpg
167396091,nhà bên hong toà án quận 12. hẻm xe hơi vị tri đẹp,"Nhà phố 1/ ngắn Đường Tân Thới Hiệp 09, Q 12
Diện tích : 4.6m x 14m . Nhà Thiết kế : 1 trệt, 3 lầu, sân Gồm 4pn, 4wc, phòng thờ, sân thượng, sân phơi. Hẻm xe hơi. Hẻm 1 trục thẳng cách MT 50m. Khu dân cư an ninh. Vị trí siêu trung tâm Q12. Ngay sau lưng toà án, công an Quận.. phường, chợ, trường học cấp 1.2.3...sát bên . Qua Gò Vấp 2 Phút. Nhà mới đẹp ở ngay. Sổ hồng riêng. Nhà hướng Đông
Giá bán : 5 tỷ 560 triệu còn TL
Nhà đất ngọc ngân",accepted,119747,2025-06-01 23:05:00+00:00,2025-05-11 06:35:07.121284,1020,13000,13107,9233,sell,5650000000,87732919.0,64.4,9.0,4.5999,14,4,64.4,,,,4.0,10,https://cdn.chotot.com/uoIe7P1ufFo7ppVHd4ne6ZKRO_AjogjlXdf8NXNOatE/preset:listing/plain/82506d23bda4a954ae0432a6ccac0f75-2930845177905840272.jpg
167402764,"Nhà phố xinh 01 lầu DT 5x17 (4pn) hẻm xe hơi gần ngã 3 Giồng, Hóc Môn","Xã Xuân Thới Sơn - Hóc Môn.
* Cần bán căn nhà phố xinh, xây mới, tầng trệt có phòng ngủ, tầng lầu 3pn) hẻm đường Kênh Trung Ương, gần ngã 3 Giồng - Hóc Môn!
+ Diện tích 5m x 17m, 01 lầu (4pn + 2wc) hướng Đông Nam, sổ hồng riêng.
+ Giá bán: 3.69 tỷ (có hỗ trợ vay qua ngân hàng)
* Vị trí nhà:
- Hẻm bê tông sạch đẹp 4m
- Cách đường Trương Thị Như 300m
- Cách ngã 3 Giồng 1.2km
- Cách chợ Xuân Thới Thượng 2km
- Dân cư đông đúc, an ninh, đi lại thuận tiện
* Liên hệ: - A Thanh! Chân thành cảm ơn.
* Đ/c: VP Chợ Địa Ốc Số 8/2C Phan Văn Hớn, Bà Điểm, Hóc Môn.",accepted,31373,2025-06-01 23:05:00+00:00,2025-05-11 11:30:35.808777,1020,13000,13117,9503,sell,3690000000,43411765.0,85.0,9.0,5,17,4,135,,858606ef6bdfaeb6386d1f871ceaa7ca,,3.0,10,https://cdn.chotot.com/UHJ28zfoUrd_8BdfG2vImk_ptt7LUziwVohAb6l8dGs/preset:listing/plain/fd25f28e3c71dfadbf9317fb49d1072b-2930874822412470612.jpg
167412330,NGỘP - GIẢM 400TR CĂN 2 PN GÓC RỘNG CHUNG CƯ CAO CẤP LÊ PHONG,"Chuyển nhượng.
Loại căn hộ 2PN + 2WC, 72m².
- Tầng trung, nội thất CDT (mới 100%).
- View: Landmark 81.
- Giá bán: 2.4 tỷ (giá *** tại đây).
Liên hệ : Hồ Thị Kim Ngân ***",accepted,172881,2025-06-01 23:05:00+00:00,2025-05-11 17:44:25.030771,1010,2011,201108,8945,sell,2500000000,34722222.0,72.0,12.0,,,2,,The Emerald Golf View,,,2.0,10,https://cdn.chotot.com/2x8yDe02c3XwedjI4xFZZ7fYnafR5NyZPxt2onaI-2I/preset:listing/plain/8b2bb7b825d4b75c3345f94945cff0d4-2930912933771339452.jpg
167412454,CHỦ BÁN CĂN HỘ 2 PHÒNG NGỦ FULL NỘI THẤT LỖ HƠN 550 TRIỆU SỔ HỒNG SẴN,"Căn hộ cao cấp The Emerald Golf View - chính chủ cần bán gấp căn hộ 2 phòng ngủ đã có sổ có HĐ thuê dài hạn, khai thác tốt. LH: Hồ thị kim NGân ***
- Vị trí: 68 Đại Lộ Bình Dương - Đối diện cổng KCN Vsip1 - Aeon Mall Thuận An, Bình Dương.
- Thiết kế: 2PN 1WC, diện tích: 66m².
- Nội thất: Bàn giao nội thất cao cấp. Chủ nhà làm thêm 2 tủ áo, tủ bếp, tủ giày, rèm, giàn phơi...
- Hiện trạng: Căn hộ đang cho thuê HĐ lâu dài 6 triệu/tháng. Đã có sổ hồng cầm tay, công chứng ngay.
- Giá bán: Chỉ 2,2 tỷ (Lỗ hơn 550 triệu).

- Hotline: 
Hồ Thị Kim Ngân *** (zalo/call) để xem nhà 24/24.
- Địa chỉ: The Emerald Golf View, 68 Đại lộ Bình Dương, P. Lái Thiêu, TP. Thuận An, Bình Dương.",accepted,172881,2025-06-01 23:05:00+00:00,2025-05-11 17:51:14.049025,1010,2011,201108,8945,sell,2200000000,33333333.0,66.0,11.0,,,2,,The Emerald Golf View,,,2.0,10,https://cdn.chotot.com/veZoGJ_UXUxXRDdWl4AyD-Rz6_NsvIvR695A58mYXmQ/preset:listing/plain/4da0cd0fc06c868c08900c8179e534c2-2930913379359028484.jpg
167419995,Bán nhanh căn hộ cạnh Aeon Mall -1 phòng ngủ chung cư Lê Phong,"Căn hộ cao cấp The Emerald Golf View - Chính chủ cần bán gấp căn hộ 1 phòng ngủ đã có sổ - sang tay ngay. LH: Hồ Thị Kim Ngân ***
- Vị trí: 68 Đại lộ Bình Dương, p. Lái Thiêu, Tp. Thuận An. (Đối diện KCN VSIP1).
- Thiết kế: 1PN 1WC, diện tích: 51m².
- Nội thất: Bàn giao nội thất cao cấp của chủ đầu tư.
- Giá bán: 1tỷ75. MỘT CĂN ***.
- Hiện trạng: Căn hộ đang trống. Đã có sổ hồng cầm tay, công chứng ngay.
- Thuế phí bên nào bên đó chịu.

Contact.
- Hotline:Hồ Thị Kim Ngân ***  để xem nhà 24/24.
- Địa chỉ VP: B16 C/c The Emerald Golf View, 68 Đại Lộ Bình Dương, P. Lái Thiêu, TP. Thuận An, Bình Dương.
Hiện tại Kim Ngân đang là môi giới trực tiếp tại tòa nhà The Emerald Golf View, kết nối với hơn 700 chủ căn hộ bán - cho thuê, số lượng căn lớn, đa dạng từ nhà trống đến có nội thất đẹp nên quý khách có nhiều sự lựa chọn phù hợp với tài chính và nhu cầu.",accepted,172881,2025-06-01 23:05:00+00:00,2025-05-12 08:04:53.340661,1010,2011,201108,8945,sell,1750000000,34313725.0,51.0,12.0,,,1,,The Emerald Golf View,,,2.0,10,https://cdn.chotot.com/ZqqIQPFv4ZsGeiK9HeKENxFMDYLl44JWUTN0omdxnVM/preset:listing/plain/9c08e20222947a34d24f127a49deb503-2930999538586403630.jpg
167420005,"Căn hộ chung cư Nam Long central lake 2, 44m2, th máy, có nội thất","CHO THUÊ CĂN HỘ NAM LONG CENTRAL MỚI 100% - TẦNG 1, VIEW GÓC 2 BAN CÔNG - GIÁ: 4,5 TRIỆU (Đã bao phí quản lí).
---------------
- Diện tích: 44m2
- Hướng cửa: Chánh Tây
- Ban công: Chánh Nam & Chánh Đông
🏡Kết cấu:  phòng khách, 1 phòng ngủ, bếp, wc, 2 ban công
🏡Nội thất: 1 máy lạnh, 1 tủ lạnh, 1 máy giặt, rèm cửa, 1 tủ áo, bàn ăn, giường.
- Cọc 5 triệu
--------------
💰 4,5 triệu, cọc 1 tháng.
☎️ LH: gặp Kim Trường",accepted,359963,2025-06-01 23:05:00+00:00,2025-05-12 08:05:15.364381,1010,5027,502704,10758,let,4500000,102273.0,44.0,11.0,,,1,,,aafc28722c08e4fd8ae7b6c05b3002bc,,,10,https://cdn.chotot.com/9zn-Q_feK-t3M3l3dX151m0Bw2zm6H4oDdziW4cBvPg/preset:listing/plain/f9ccdfc1442d92727d0f90df7e6c73d5-2930999462177793724.jpg
167421578,"Nhà 105m2, 1T2L khu 586 Cần Thơ, 3PN, sát chợ 586, mới, mua bán, spa","CHO THUÊ NHÀ 1 TRỆT 2 LẦU VÀ SÂN THƯỢNG - MẶT TIỀN ĐƯỜNG BÙI QUANG TRINH - KDC 586 NGAY CHỢ - GIÁ: 15 TRIỆU (Cách chợ 50m)
---------------
- DT: 5 x 21 = 105m2
- Lộ giới 30m.
🏡Kết cấu: 
- Trệt trống suốt, 3 phòng ngủ, 3 toilet, bếp rộng, phòng thờ, sân thượng.
ĐẦY ĐỦ TIỆN ÍCH, PHÙ HỢP Ở VÀ KINH DOANH, VĂN PHÒNG CTY, SPA...
--------------
💰 15 triệu, cọc 2 tháng, ký HĐ tối thiểu 1 năm
☎️gặp Kim Trường.",accepted,359963,2025-06-01 23:05:00+00:00,2025-05-12 09:05:27.792001,1020,5027,502704,10761,let,15000000,142857.0,105.0,12.0,5,21,3,200,,34807390c27b09ad9a8e795054b7cf34,,1.0,10,https://cdn.chotot.com/UEu3AtCKU8LFDjXnSvrB4BuFUDmQWDiiwPXxQ1e3Pg0/preset:listing/plain/35ecbfca3e8d66e83b0cda65a36d7190-2931005398893785473.jpg
167422175,Hàng ngộp - bán gấp căn hộ 1 PN chỉ 1tỷ8 chung cư cao cấp Lê Phong,"Chủ ngộp cần ra gấp căn hộ 1 phòng ngủ chỉ 1tỷ8 chung cư cao cấp The Emerald Golf View(Lê Phong).
- Vị trí: 68 Đại Lộ Bình Dương - đối diện cổng KCN Vsip1 Thuận An.
- Thiết kế: 1 phòng ngủ - 1 toilet, 54m².
- Nội thất: Rèm - giàn phơi, bếp điện, máy nước nóng, tủ bếp.
- Giá: Chỉ 1tỷ8 (lỗ hơn 450 triệu).

- Hotline: Kim Ngân ***  (có zalo) để xem nhà 24/24.
- Địa chỉ: The Emerald Golf View, 68 Đại lộ Bình Dương, p. Lái Thiêu, TP. Thuận An, Bình Dương.",accepted,172881,2025-06-01 23:05:00+00:00,2025-05-12 09:21:22.317181,1010,2011,201108,8945,sell,1800000000,34615385.0,52.0,12.0,,,1,,The Emerald Golf View,,,2.0,10,https://cdn.chotot.com/jutIAxhZVSCPBelQoUjs22jiKEqA-HHgYGb_AVt4flg/preset:listing/plain/0e121bcdbac74d1a0ac604f800bd9763-2931006753264723184.jpg
167423492,"Lỗ 700triệu, bán căn hộ 2PN đầy đủ nội thất SHR, CC Lê Phong","Căn hộ cao cấp The Emerald Golf View - chính chủ cần bán gấp căn hộ 2 phòng ngủ đã có sổ - sang tay ngay. LH: Trần Hàn Vũ - 0906 721 ***.
- Vị trí: Mặt tiền Đại Lộ Bình Dương, Phường Lái Thiêu, Thành phố Thuận An, Tỉnh Bình Dương.
- Thiết kế: 2PN2WC, diện tích: 72m².
- Nội thất: Đầy đủ như hình.
- Hiện trạng: Căn hộ đang trống. Đã có sổ hồng cầm tay, công chứng ngay.
- Đã có sổ, công chứng ngay, hỗ trợ vay bank.

- Hotline: Kim Ngân ***  (có zalo) để xem nhà 24/24.
- Địa chỉ VP: B17 C/c The Emerald Golf View, 68 Đại Lộ Bình Dương, P. Lái Thiêu, TP. Thuận An, Bình Dương.
Hiện tại Ngân Ngân House ( Hotline *** - ***)  đang là môi giới trực tiếp tại tòa nhà The Emerald Golf View, kết nối với hơn 500 chủ căn hộ bán - cho thuê, số lượng căn lớn, đa dạng từ nhà trống đến có nội thất đẹp nên quý khách có nhiều sự lựa chọn phù hợp với tài chính và nhu cầu.",accepted,172881,2025-06-01 23:05:00+00:00,2025-05-12 09:52:50.267521,1010,2011,201108,8945,sell,2550000000,35416667.0,72.0,9.0,,,2,,The Emerald Golf View,,,2.0,10,https://cdn.chotot.com/RCpfTuINyPCpqUTQhOcXuikPRQDRl59FqjU5cCSrzbY/preset:listing/plain/b69de99179dd55c76c3d12943646f2a0-2931009919760052982.jpg
167423957,"NGỘP GIẢM 700TRIỆU, CĂN 3 PN SHR  CHỈ 3TỶ5 VIEW SIÊU ĐỈNH CC LÊ PHONG","Chính chủ cần ra gấp căn hộ 3 phòng ngủ lỗ 700 triệu chung cư The Emerald Golf View.
- Vị trí: Mặt tiền Đại Lộ Bình Dương, Phường Lái Thiêu, Thành phố Thuận An, Tỉnh Bình Dương.
- Thiết kế: 3PN2WC, diện tích: 95m (căn góc).
- Nội thất: Bàn giao nội thất của CĐT.
- Tầng: Thấp. View góc nội khu, sân golf siêu đắt giá.
- Giá gốc: 4,2 tỷ.
- Giá bán: 3,5 tỷ(giảm 700tr).

Thông tin dự án:
- Quy mô: 2 block cao 40 tầng gồm 2 tầng hầm và 5 tầng thương mại, 35 tầng căn hộ.
- Tổng thầu xây dựng: Coteccons (Nhà thầu Top 1 VN trong xây dựng nhà cao tầng).
- Đầy đủ tiện ích nội khu: Trường học, siêu thị, CHTL, cafe,... Không gian sống lý tưởng cho cư dân.
- Hệ thống an ninh tối tân, PCCC - bảo vệ an toàn cho cư dân.
- Hệ thống 10 thang máy cao cấp (2 hộ dân sử dụng 1 tháng) đảm bảo thời gian di chuyển nhanh chóng.

Tiện ích vượt trội:
Hồ bơi tràn bờ và Jacuzzi, phòng xông hơi khô, khu vui chơi trẻ em ngoài trời, phòng gym hiện đại, nhà hàng, shophouse tiện lợi...
The Emerald Golf View - Căn hộ lý tưởng cho những ai tìm kiếm một không gian sống đẳng cấp, tiện nghi và an toàn tuyệt đối.

Thank you for choosing me.
Contact.
- Hotline: Kim Ngân ***2 (có zalo) để xem nhà 24/24.
- Địa chỉ: The Emerald Golf View, 68 Đại lộ Bình Dương, P. Lái Thiêu, Tp. Thuận An, Bình Dương.
Nhận ký gửi cho thuê - mua bán căn hộ Thuận An - Bình Dương.",accepted,172881,2025-06-01 23:05:00+00:00,2025-05-12 10:04:31.416773,1010,2011,201108,8945,sell,3500000000,36842105.0,95.0,5.0,,,3,,The Emerald Golf View,,,2.0,10,https://cdn.chotot.com/520XcFWclrnTeQ3_9M_08uOvGyK6urovsMDoT1kvtUs/preset:listing/plain/60f97f1aab7624eeb36dca280a9f0a26-2931011358097698240.jpg
167424227,"Căn hộ The Emerald Golf View ,SHR chỉ từ 1.8 tỷ","The Emerald Golf View: Thanh toán nhẹ nhàng, hưởng ngàn ưu đãi.

Nghe nói.
Nhà ở khu Đại Lộ Bình Dương sẽ rất khó mua, khó có thể sở hữu?
Nhận nhà ở ngay thì tài chính sẵn có phải dày?

Thực tế không như lời đồn tại The Emerald Golf View.

Chỉ với 330 triệu (10%) nhận nhà ở ngay: Thụ hưởng 100% quyền lợi, ở hoặc kinh doanh sinh lời ngay khi đặt bút sở hữu căn hộ mặt tiền Đại Lộ Bình Dương, ngay sân golf Sông Bé, VSIP I, TTTM Aeon Mall.

Hỗ trợ vay ngân hàng,  Thư thả dòng tiền, giảm áp lực tài chính tối đa.

Cam kết cho thuê: Sinh lời ngay, nhân đôi lợi ích tài sản tạo ra dòng tiền chi trả cho chính ngôi nhà của mình.

Đặc biệt, tận hưởng đặc quyền cư dân The Emerald Golf View:

Thụ hưởng chuỗi tiện ích nội khu cao cấp: Hồ bơi vô cực, vườn thư giãn, khu BBQ, khu vui chơi trẻ em, khu TDTT đa chức năng, trường mầm non quốc tế Kindy Garden, nhà hàng Nhật Sakura.

Anabuki Nhật Bản đảm bảo chất lượng dịch vụ 5 sao: Lễ tân tòa nhà, vệ sinh công cộng, hỗ trợ kỹ thuật luôn sẵn sàng hỗ trợ.

An ninh 24/7: Đội ngũ bảo an, hệ thống camera, trung tâm điều khiển luôn tận tâm và sát cánh.

Sẵn 1PN để các anh chị lựa chọn theo nhu cầu, mua trực tiếp từ chủ đầu tư nên phương thức thanh toán nhẹ nhàng, rất giãn về dòng tiền có lợi cho anh chị cả về ở và đầu tư.

Cơ hội cuối cùng sở hữu căn hộ The Emerald Golf View ngay hôm nay.
Liên hệ: *** Kim Ngân.",accepted,172881,2025-06-01 23:05:00+00:00,2025-05-12 10:10:48.574260,1010,2011,201108,8945,sell,1800000000,33962264.0,53.0,11.0,,,1,,The Emerald Golf View,,,2.0,10,https://cdn.chotot.com/CjXeAYEU0caAizraZFmg73ErIdA2V7jgA1ri8_xZYR0/preset:listing/plain/8bdf2b55972072968625cbe774bb89af-2931011837157699969.jpg
167425042,Cần bán gấp căn hộ The Emerald golf view nội thất cao cấp giá tốt,"- Giá bán từ 2.55 tỷ nhà mới 100%.
- Diện tích 72m² có ban công và logia riêng.
- Đã có sổ hồng, ngân hàng thẩm định vay 2 tỷ.
- Vị trí: Ngay mặt tiền Đại Lộ Bình Dương, đối diện là Vsip1 và đại siêu thị Aeon Mall Nhật Bản.

Liên hệ: ***  Ngân Ngân House để hỗ trợ xem nhà.

The Emeradl Golf View là khu căn hộ đáng sống nhất Bình Dương.
- Quy mô 40 tầng, là toà nhà cao nhất Bình Dương đi vào hoạt động. Dự án chạy full led nghệ thuật đầu tiên tại Bình Dương.
- Tầng hầm B1 và B2 hầm để ôtô.
- Tầng 1 và 2 là shophouse thương mại, trường mầm non quốc tế.
- Tầng 3 và 4 tầng để xe máy.
- Tầng 5: Khu vui chơi trẻ em ngoài trời, Vườn chuyên đề, khu BBQ, khu gym nam + nữ, yoga, khu xông hơi, phòng họp vip, thư viện.
- Tầng 6: Hồ bơi vô cực, hồ bơi trẻ em, khu jaccuzi, khu yoga, phòng xông khô (sauna), family lounge.
- Tầng 13 và 33 tầng công viên thư giãn trên cao và không gian lánh nạn khi xảy ra sự cố.
- Tầng 40 là công viên trên cao view ôm trọn sân golf.",accepted,172881,2025-06-01 23:05:00+00:00,2025-05-12 10:31:19.210552,1010,2011,201108,8945,sell,2550000000,35416667.0,72.0,12.0,,,2,,The Emerald Golf View,,,2.0,10,https://cdn.chotot.com/a2rANxHSrgsbB4cTPzwS8O-Q4PpPbP5u87GqimfqFIU/preset:listing/plain/1e8fe7ecb848f3c453fb4130282983f2-2931013877414261447.jpg
167426382,bán 2 lô đất đường 110B và đường số 81,"cần bán 2 lô đất tại đường 110B và 81 khu tái định cư Phú Chánh, phường Phú Tân, tp. Thủ Dầu Một Bình Dương.
Lô 1: Trục đường chính 110B rộng 28m ( đường nhựa 12m, lề đường 2*8m ).
Diện tích: 100m2 ( 5m*20m) thổ cư 100%.
Hướng: Tây Nam.
Giá: 2 tỷ 620.
Lô 2: Trục đường chính 81 rộng 16m ( đường nhựa 8m, lề đường 2*4m).
Diện tích: 100m2 ( 5m*20m) . Thổ cư 100%.
Hướng: Đông Bắc.
Giá: 2 tỷ 220.",accepted,303067,2025-06-01 23:05:00+00:00,2025-05-12 11:00:36.661916,1040,2011,201101,8882,sell,2620000000,26200000.0,100.0,3.0,5,20,,,,080e00eb683a5cb021bda8d2b00977b6,,1.0,10,https://cdn.chotot.com/vCPtbsLFqzuRFF7_-2Owt5Q0nqO-ljRJyOVtlB0Bo-g/preset:listing/plain/e2e3f6662bbb497c72865d6aa0229f38-2931017080326514364.jpg
167428798,bán lô đất nhánh đường dx028 phú mỹ,"cần bán lô đất phường phú mỹ
nhánh dx028 bê tông 4m
diện tích 240m thổ cư 50
mặt tiền 6m hở hậu 17m cách chợ phú mỹ trường cấp 1-2-3 700m",accepted,303067,2025-06-01 23:05:00+00:00,2025-05-12 12:04:31.328960,1040,2011,201101,8881,sell,3300000000,13750000.0,240.0,3.0,6,,,,,,,1.0,10,https://cdn.chotot.com/CQKznetIrUSGRj5itusf-WZvt7exe_8KvmnBLZGUiP8/preset:listing/plain/74884fdc38193cfc6993e71fc15b2516-2931023373901883068.jpg
167428907,bán lô đất phường định hoà giá rẻ,"cần bán lô đất đường bê tông3.5m thông ra dx071 định hoà
diện tích 5*15.8 thổ cư 70m
vị trí đẹp đường thông",accepted,303067,2025-06-01 23:05:00+00:00,2025-05-12 12:08:43.812715,1040,2011,201101,8879,sell,1590000000,20177665.0,78.8,4.0,5,15.8,,,,,,1.0,10,https://cdn.chotot.com/Ba8TOLif-iGFNND3YlK86w1vI4up8Bbun_l2p8QAyYs/preset:listing/plain/31f29cf6a96bb3f3a1095eb98768e61a-2931023876534199841.jpg
167429492,bán nhà đường số 3 chánh nghĩa,"cần bán nhà DT: 10 x 16.37 m, DTSD: 427.3 m2.
Kết cấu: 1 trệt, 2 lầu, 1 sân thượng, có 6 PN 7 WC.

Vị trí đắc địa: ngay mặt tiền số 36 Đường Số 3, khu trung tâm P. Chánh Nghĩa, TP TDM Bình Dương. Cách bến xe Bình Dương và siêu thị Coopmart khoảng 450m.

Thiết kế dạng nhà ở, nhưng kết cấu nhà đã chuẩn bị sẵn, có không gian chờ để lắp thang máy loại nhỏ, có thể chuyển công năng thành khách sạn 16 phòng có WC riêng, 1 WC chung bên ngoài,
Giá quá rẻ, chỉ có: 15 tỷ, thương lượng dành cho khách có thiện chí",accepted,303067,2025-06-01 23:05:00+00:00,2025-05-12 12:29:35.488178,1020,2011,201101,8878,sell,15000000000,92024540.0,163.0,12.0,10,16.2999,6,427.2999,,,,1.0,10,https://cdn.chotot.com/j_ufDio4hn3lKqCOnmdy1cPdtZ3R4L8Y-BkHWOgheLY/preset:listing/plain/eff416d6ff26ddad4b8ce8e3a277477e-2931025550272227004.jpg
167435724,"Nhà 2 lầu DT 4x40m (5pn) mặt tiền Trần Văn Mười, gần chợ Đại Hải H.Môn","* Nhà phố xinh, mới hoàn thiện, xây kiên cố 2 lầu + sân thượng gồm 5pn + 4wc + phòng thờ + sân xe hơi, vị trí đẹp thuận tiện kinh doanh buôn bán, làm văn phòng cty
+ Diện tích sử dụng 4m x 40m, thổ cư 110m2, dt sàn 250m², hướng Đông Nam, sổ hồng riêng.
+ Giá bán: 11 tỷ 500tr
* Vị trí nhà:
- Xã Xuân Thới Đông, Hóc Môn.
- Mặt tiền nhựa Trần Văn Mười
- Cách ngã 3 XTT6 vào công viên sinh thái 100m
- Cách chợ Đại Hải 900m.
- Cách chợ đầu mối Hóc Môn (QL22) 1.2km
__________________
Liên hệ: A Thanh - chân thành cảm ơn.
♡ Nhận ký gửi - mua bán - cho thuê Nhà Đất 24/7
♡ Thông tin chính xác và hình ảnh thực tế! Chân thành cảm ơn!
♡ Địa chỉ: VP Chợ Địa Ốc số 8/2C Phan Văn Hớn, Bà Điểm, Hóc Môn, TP. HCM",accepted,31373,2025-06-01 23:05:00+00:00,2025-05-12 15:36:52.688690,1020,13000,13117,9505,sell,11500000000,71875000.0,160.0,12.0,4,40,5,220,,323dd7fd9843b54399c8bf2e771f53b8,,1.0,10,https://cdn.chotot.com/kIIaBg8D6MWU3ZKpPvNKrJ8EpgqlD_tfV1AjV8fgzpU/preset:listing/plain/fd7a9695190f34f0ef155c0fa6809d4e-2931044408355286464.jpg
167442216,bán đất phường phú mỹ cách chợ phú mỹ 400m,"bán lô đất phường phú mỹ
diện tích 12*29 thổ cư 270m
đường nhựa 5m thông
cách chợ phú mỹ 400m",accepted,303067,2025-06-01 23:05:00+00:00,2025-05-12 19:54:49.882474,1040,2011,201101,8881,sell,5637000000,15000004.0,375.7999,3.0,12,29.51,,,,,,1.0,10,https://cdn.chotot.com/jKQRzhMahqbWI_GB5L1iUqNNftuWue5oH015cv_kkzc/preset:listing/plain/484df385283bdd17c6b44f877db2f8ad-2931070701262307472.jpg
167466023,cho thuê nhà mặt tiền cách mạng tháng 8,"DT đất khoảng: 8 x 45 m.
DT thực tế khoảng: 8 x 50 m.
DTXD khoảng: 8 x 21 m.
DTSD khoảng: 698 m2, chưa tính sân thượng.

Đây là 1 căn nhà được kết nối từ 2 căn liền kề, 2 căn này được xây dựng ở 2 thời điểm khác nhau.
Tổng diện tích: 8 x 50 m, bao gồm 2 căn nhà:
1 căn DT: 5 x 50 m.
1 căn DT: 3 x 50 m.

Kết cấu: 1 trệt, 2 lầu, 1 sân thượng (đang dùng làm nhà kho, có mái che).
Hiện trạng: nhà trống, khách cũ thuê kinh doanh nhà hàng.

Khách mới có thể: cải tạo, chỉnh sửa thoải mái tùy theo nhu cầu sử dụng, đập vách tường hay ngăn phòng tùy ý khách mới, miễn đừng đụng đến kết cấu chính, cột nhà.
Giá cho thuê: 40 triệu / tháng.
Vị trí thuận lợi:
Cách bến xe Bình Dương và siêu thị Coopmart khoảng 450m.

Ngay gần bên chỗ ngã 3, dừng đèn xanh đèn đỏ, vị trí thích hợp để quảng bá thương hiệu của cty hay sản phẩm mà khách thuê đang kinh doanh.",accepted,303067,2025-06-01 23:05:00+00:00,2025-05-13 16:09:21.726668,1020,2011,201101,8878,let,40000000,100000.0,400.0,4.0,8,50,5,700,,93594e51d164010a4b5dcaeb43e83e7e,,1.0,10,https://cdn.chotot.com/XOX7kcBXYWfMAa8Dhj4BoieCgBrUNeO2axdCUsAQwpQ/preset:listing/plain/8cfdd4ce84d87489df40572429f53daa-2931192978788829894.jpg
167471842,nhà phường hiệp thành.q12.DT: 6m x 4m đúc lầu.shr,"Nhà hiệp thành quận 12.DT: 6m x 4m đúc 1 trệt + 1 lầu,nhà có cổng rào,pk,pếp,2 pn,1wc.,vị trí cách bến xe buýt hiệp thành 1km,cách chợ thiếc 500m.khu dân cư ổn định và an ninh.nhà đẹp vào ở ngay.pháp lý.shr(bao sang tên)có hổ trợ ngân hàng.giá : 2 tỷ 650tr thương lượng..
Lh:nhà đất ngọc ngân 
Xem nhà.xin cảm ơn",accepted,119747,2025-06-01 23:05:00+00:00,2025-05-13 20:06:31.478696,1020,13000,13107,9229,sell,2650000000,110416667.0,24.0,7.0,6,4,2,24,,12438edc04df69c08851fb26febd5908,,3.0,10,https://cdn.chotot.com/xTfeeFz6K0VFu1X63skDFt5_4gZryvqyp3WqDK4tGY4/preset:listing/plain/1269413a4a0a52046651cc4dbab5ea12-2931216939541934391.jpg
167491713,Bán nhà MT đường 34 khu Tên Lửa - 4x20m - 2 Lầu + ST - 11.9 Tỷ,"Chính chủ gửi bán nhà MT đường số 34 khu Tên Lửa
Đoạn gần ngã tư Tên Lửa - Đs7
Dt: 4x20m - 2 Lầu + ST nhà đẹp ở ngay
Giá: 11.9 Tỷ. Đang cho thuê có sẳn thu nhập
Lh Tâm ký gửi mua bán, thuê bđs khu Tên Lửa",accepted,142419,2025-06-01 23:05:00+00:00,2025-05-14 14:39:06.567641,1020,13000,13108,9461,sell,11900000000,148750000.0,80.0,3.0,4,20,4,,,308c450e8967fcc528f10bb3df2e5804,,1.0,10,https://cdn.chotot.com/dZCxZSqeLRsQcGwQrz4AuCJ5pYRHzYd7tglaqsY12O0/preset:listing/plain/56a69065f9888568accb6e5070d2866d-2931328918650738698.jpg
167504217,nhà 1/ cầu cây xanh. ấp 5 bình mỹ.củ chi.DT 4m x 13m đúc lầu shc,"Nhà 164 cầu ông  huyện .bình mỹ củ chi.DT  4m x 13m duc 1 lau nhà có sân để xe,pk,bếp ,2pn,2wc .có bang công .nhà có thổ cư và gpxd,có nước máy.sổ hồng chung .mua bán vi bằng 
Giá : 1 tỷ 180tr bớt lộc
Nhà đất ngọc ngân 
Xin cảm ơn ❤️❤️",accepted,119747,2025-06-01 23:05:00+00:00,2025-05-14 23:02:36.157362,1020,13000,13116,9494,sell,1180000000,22692308.0,52.0,9.0,4,13,2,52,,,,3.0,10,https://cdn.chotot.com/Wz4Nys1EcDy70ExwEYSnDXMoV0YEKbEV1_WX-IFqnZ0/preset:listing/plain/a3ffc51536c77c6479b287771cebad93-2931379592152009414.jpg
167507567,"Nhà Văn Hoá Tây Đô Cần Thơ, 90m2, 4PN, full nội thất, Đông","CHO THUÊ NHÀ 1 TRỆT 2 LẦU ĐẸP MỚI - FULL NỘI THẤT - KDC VĂN HOÁ TÂY ĐÔ - GIÁ: 15 TRIỆU.
--------------
- DT: 5 x 18 & Thoát hiểm 2m
- Lộ giới 30m
- Hướng: Đông
🏡Kết Cấu:
- Sân trước có mái che, phòng khách rộng, 4 phòng ngủ, bếp, 3wc, sân phơi, ban công.
🏡Trang bị:
- Sofa, 4 máy lạnh, Tivi, máy giặt, tủ lạnh, bàn ăn, nước nóng nlmt, giường nệm, tủ áo, bàn trang điểm...
NHÀ RỘNG ĐẸP, PHÙ HỢP MỞ VP CTY, Ở.
----------------
💰 15 triệu, cọc 2 tháng, ký HĐ từ 1 năm trở lên.
☎️ LH: gặp Kim Trường",accepted,359963,2025-06-01 23:05:00+00:00,2025-05-15 08:32:18.534870,1020,5027,502704,10758,let,15000000,166667.0,90.0,12.0,5,18,4,200,,e25cf29881970339a06778a3c8698956,,4.0,10,https://cdn.chotot.com/n2qMM4GuBzFNIzMxtTdpf5A5oN7W_0ZcZbyger_5gz4/preset:listing/plain/c93af284dc50b7cdaeeab4b4422fd218-2931437013991936303.jpg
167517469,đất hoà khánh tây.đức huệ long an.5m x 35m fun thổ.shr.,"Alo alo cả nhà ơi
5 x 35 fun thổ.đức huệ long an
Cách cầu mỏ heo 1km
Em bao từ A đến z
Chỉ mỗi cầm sổ và giao tiền thôi nè
Giá: 550tr . bớt lộc 
🌹🌹🌹🌹 20tr tặng ace nhé 
Nhà đất ngọc ngân 
Xin cảm ơn ❤️",accepted,119747,2025-06-01 23:05:00+00:00,2025-05-15 12:48:19.742517,1040,5032,503208,9621,sell,550000000,3216374.0,171.0,5.0,5,35,,,,,,1.0,10,https://cdn.chotot.com/jJcUDCZYWQqBSa5VWCE_foV9LOAREE2X3KuRSUi3MMQ/preset:listing/plain/78e2983f81900e861fae34dfe85020ae-2931462638130876719.jpg
167521340,Biệt thự khu Tên Lửa gần Vành Đai Trong - 8x20m - 3 Tầng - 20.5 Tỷ,"Bán biệt thự khu Tên Lửa, gần đường Vành Đai Trong, Aeon mall Bình Tân
Dt: 8x20m - 3 Tầng - 20.5 Tỷ 
Đường rộng, ko ngập, gần trường học, công viên và rất nhiều tiện ích khác
Lh Tâm ký gửi mua bán bđs khu Tên Lửa",accepted,142419,2025-06-01 23:05:00+00:00,2025-05-15 14:40:26.787210,1020,13000,13108,9461,sell,20500000000,128125000.0,160.0,5.0,8,20,5,,,,,2.0,10,https://cdn.chotot.com/UzmakD2YHUdg3ZQXpF1jL9Ug8Tor1r9P3zMkptH8vzg/preset:listing/plain/1444022d0038bf0647cc455509fc6632-2931473995070951727.jpg
167549474,bán lô đất mặt tiền dx077 định hoà,"cần bán lô đất mặt tiền dx077 định hoà
diện tích 139.4 m
thổ cư 62.5 m
đường nhựa 7m thông
dán cư đông ăn ninh yên tĩnh",accepted,303067,2025-06-01 23:05:00+00:00,2025-05-16 14:15:23.742295,1040,2011,201101,8879,sell,2450000000,17575335.0,139.3999,4.0,5,,,,,,,1.0,10,https://cdn.chotot.com/I0EKEgnxc5AX26Mxp9u_zQL_DIQydOgPlAsDoWjBX3s/preset:listing/plain/040a9819e1d3140f88cf88c98a4de4a7-2931616480357595455.jpg
167560953,nhà 2/ đường lê thị riêng.DT: 3.2m x 10m đúc lầu.shc,"-nhà 2/ lê thị riêng.phường thới an
-dt:3.2m x 10m đúc 1 trệt + 1 lầu.
-nhà có 2pn - 2wc có bang công phơi đồ
-nhà có hương chín tây 
-nhà sạch sẻ vào ở ngay.được xem sổ chính 
-khu dân cư hiện hữu,hàng sớm văn minh 
-và yên tỉnh,giá : 1 tỷ 680tr.tl .ccg
-mua bán kí vy bằng(thừa phát lại)
-xem nhà xin lh:
-nhà đất ngọc ngân",accepted,119747,2025-06-01 23:05:00+00:00,2025-05-16 21:59:32.077666,1020,13000,13107,9230,sell,1680000000,52500000.0,32.0,6.0,3.2,10,2,32,,73f8372e1393f0f415990d5c7e643f1f,,3.0,10,https://cdn.chotot.com/Kbb0IY4VM4GzHoGEZwKQlxb-dFItWWvKshIJQ3v4P-A/preset:listing/plain/655512a09c1ff26d29c6cd84d3450587-2931662656636500737.jpg
167565509,"Đất thổ cư DT 5x16, mặt tiền XTT27, gần công viên sinh thái Hóc Môn","Mặt tiền XTT27, Xã Xuân Thới Thượng - Hóc Môn.
+ Diện tích 5m x 16m, thổ cư 68m2, sổ hồng riêng, hướng Đông Nam.
+ Giá bán: 2.85 tỷ
* Vị trí đất:
- Mặt tiền nhựa 10m thông
- Cách đường Phan Văn Hớn 300m
- Cách trường THPT Phạm Văn Sáng 500m
- Cách công viên sinh thái 650m
- Thuận tiện kinh doanh buôn bán, làm văn phòng cty...
* Liên hệ:- A Thanh Chợ Địa Ốc! Chân thành cảm ơn.
* Đ/c: Số 8/2C Phan Văn Hớn, Bà Điểm, Hóc Môn.",accepted,31373,2025-06-01 23:05:00+00:00,2025-05-17 08:50:06.470701,1040,13000,13117,9507,sell,2850000000,35625000.0,80.0,5.0,5,16,,,,e08564174434a1242398817d5fea32e3,,1.0,10,https://cdn.chotot.com/h52uBJbGBqC9ljGqJxYV8BUzp0dTRm7VDwy9HIy6C6w/preset:listing/plain/396178e9f32c3d5cb0d29ecb296a1438-2931728452688925487.jpg
167614811,Mt đường 1B khu Ao Sen 5x20m - HẦM + 3 Lầu - 14 Tỷ gần Aeon Mall,"Bán nhà MT khu Ao Sen gần Aeon Bình Tân
Dt: 5x20m - Hầm + 3 Lầu
Giá: 14 tỷ TL (hoàn công đầy đủ tiện vay bank)
Vị trí đẹp ngay công viên, cao ráo ko ngập
Lh Tâm ký gửi mua bán thuê bđs khu Tên Lửa",accepted,142419,2025-06-01 23:05:00+00:00,2025-05-19 09:01:50.069254,1020,13000,13108,9461,sell,14000000000,140000000.0,100.0,4.0,5,20,5,,,221e0e743fbdd67edf608f697c9a0e0e,,1.0,10,https://cdn.chotot.com/dJW1EBLNfiBs3BVRXgkShrSiZ8Eit-CNMXVHv6ocbJM/preset:listing/plain/a7bb7112c7d34fe2bbda08d797ae7896-2932019763113463865.jpg
167629832,"Đất thổ cư 102m2 khu Nam Long, Đông Bắc, lộ 24m 15 tấn, không ngập","CHO THUÊ ĐẤT 5,7x18 ĐƯỜNG 1B KHU NAM LONG- HƯNG THẠNH- CẦN THƠ.
GIÁ: 5 TRIỆU (CÓ HẺM HÔNG 4M)
-----------
- Diện tích: 5,7x18= 102,6m2
- Tặng hẻm hông: 4m
- Hướng: Đông Bắc
- Lộ 24m, trọng tải 10-15 tấn
THÍCH HỢP CAFE, KHO HÀNG, GARAGE OTO, ĂN UỐNG
------------
💰Giá thuê: 5 triệu tháng, ký HĐ tối thiểu 1 năm, tạo ĐK cho thuê dài hạn.
☎️LH: gặp Kim Trường Land",accepted,359963,2025-06-01 23:05:00+00:00,2025-05-19 15:59:14.942388,1040,5027,502704,10758,let,5000000,49020.0,102.0,5.0,5.6999,18,,,,,,1.0,10,https://cdn.chotot.com/vP3UlozpI9kvemPD8jv_l7QDvaOFmdP8l-dDEf1-Fr0/preset:listing/plain/68fd9ecf94ae379f5d0ffdae906f44c3-2932061885712339001.jpg
167688649,"Đất thổ cư DT 6,6x16m, gần chợ đầu mối, ngã 4 Trung Chánh - Hóc Môn","Xã Bà Điểm - Hóc Môn ---> Cần bán lô đất gần chợ đầu mối, ngã 4 Trung Chánh Hóc Môn.
+ Diện tích 6,6m x 16m, thổ cư 96m2,sổ hồng riêng, dân cư hiện hữu, xây dựng tự do, hoàn công ok.
+ Giá bán: 3.65 tỷ
* Vị trí đất:
- Xã Bà Điểm, Hóc Môn
- Cách đường Nguyễn Ảnh Thủ 200m
- Cách ngã 4 Trung Chánh 500m
- Cách chợ đầu mối Hóc Môn 600m
- Gần nhà thờ Tân Mỹ
* Liên hệ:- A Thanh Chợ Địa Ốc! Chân thành cảm ơn.
* Đ/c: Số 8/2C Phan Văn Hớn, Bà Điểm, Hóc Môn.",accepted,31373,2025-06-01 23:05:00+00:00,2025-05-21 16:21:38.560949,1040,13000,13117,9508,sell,3650000000,34433962.0,106.0,5.0,6.5999,16,,,,0d1f1183356bd1f3e6c01c796479b636,,1.0,10,https://cdn.chotot.com/-C72I0T344EwIiI3_EvbadS0udVlKSqUs_4AIYhxN54/preset:listing/plain/fda5b78c463095d4d756ac7b99775f74-2932353617424032816.jpg
167699811,SIÊU HIẾM💥 NHÀ MT Đ.SỐ CXNH - 5x21 - LÔ GÓC 2MT - CHỈ 12.98 TỶ TL,"🛎️HIẾM BÁN🔥MẶT TIỀN ĐƯỜNG SỐ - CƯ XÁ NGÂN HÀNG, QUẬN 7 - LÔ GÓC 2 MT - NGANG 5M BỀ THẾ - VỊ TRÍ VÀNG - KINH DOANH & ĐẦU TƯ - CHỈ 12.98 TỶ (TL).

- Diện tích: 5m x 21m
- Kết cấu: 1 trệt, 1 lầu, BTCT kiên cố, có 3 cửa bên hẻm = Dễ chia thành 3 căn riêng cho Thuê.
- Vị trí đắc địa: Gần Lâm Văn Bền, Nguyễn Thị Thập, chỉ 5 phút đến Phú Mỹ Hưng.
- Mặt tiền đường lớn, phù hợp vừa ở vừa KDBB đa ngành, văn phòng công ty hoặc Cho thuê dòng tiền cao.
- Hiện trạng: Nhà mới, 4PN - 4WC, có sẵn 1 căn phía sau đang cho thuê.
- Sổ hồng riêng, pháp lý chuẩn chỉnh.",accepted,104600,2025-06-01 23:05:00+00:00,2025-05-22 08:19:52.782458,1020,13000,13102,9467,sell,12980000000,123619048.0,105.0,7.0,,,4,,,0859863c1d581e493ebd309409f0924d,,1.0,10,https://cdn.chotot.com/beslmg5RU_yK4nz4wjQrljhFSMFhvZznN07Szw1HITQ/preset:listing/plain/e3bdf35082b0f16fd5598c3b3ff0b49c-2932209784977146623.jpg
167705273,"Bán nhà 4 tầng hẻm xe hơi Nguyễn Thị Thập, Q7, 4x15m, giá 8.8 tỷ","💥 NHÀ ĐẸP 4 TẦNG KIÊN CỐ – HẺM XE HƠI NGỦ TRONG NHÀ – NGUYỄN THỊ THẬP, Q7 – GIÁ CHỈ 8.8 TỶ‼️

📍 Vị trí cực đẹp: Hẻm xe hơi Nguyễn Thị Thập, Phường Tân Phú, Quận 7
➡️ Hẻm thẳng,  sạch sẽ, chỉ vài bước ra mặt tiền đường lớn. Xe hơi vào tận nhà thoải mái.

• Diện tích: 4m x 15m – sổ hồng riêng vuông vức A4
• Kết cấu: 1 trệt 3 lầu đúc thật, 5 phòng ngủ
• Có phòng ngủ tầng trệt – tiện cho gia đình có người lớn tuổi
• Giếng trời rộng, nhà sáng và thoáng tự nhiên
• Đã chừa sẵn vị trí lắp thang máy – tiện nâng cấp sau này

🔧 Nhà xây kiên cố, thiết kế hiện đại – chỉ việc dọn vào ở ngay!

🎯 Công năng đa dạng: Ở gia đình, mở spa, phòng khám, văn phòng công ty, kinh doanh online hoặc cho thuê đều rất hợp lý

• Gần chợ Tân Mỹ, Lotte Mart, Phú Mỹ Hưng, Bệnh viện Q7
• Khu dân trí cao, an ninh tốt, hàng xóm thân thiện

📜 Pháp lý: Sổ hồng riêng, hoàn công đầy đủ
💰 Giá bán: Chỉ 8.79 tỷ – thương lượng chính chủ",accepted,104600,2025-06-01 23:05:00+00:00,2025-05-22 10:38:39.215278,1020,13000,13102,9473,sell,8790000000,146500000.0,60.0,6.0,4,15,5,,,effed1af273c08dd12de96781de78a30,,3.0,10,https://cdn.chotot.com/cJlT52IEIuWOJu6a55VfDBgwPtLT_rMB3V7oZl7JKh4/preset:listing/plain/163e8788115d57635ec1027b2250aa48-2932464288994686826.jpg
167717589,"Bán gấp nhà mặt tiền đường số, Tân Kiểng Q7, 70m², 4 tầng, chỉ 9.7 tỷ","🔥GẤP BÁN – NHÀ MẶT TIỀN ĐƯỜNG SỐ Q7 – 4 TẦNG – 7PN – CHỈ 9.7 TỶ TL‼️

🏠 Diện tích: 70m² – sổ hồng riêng
🏗️ Kết cấu: 1 trệt 3 lầu – 7 phòng ngủ, 7 WC – thiết kế thông thoáng
📍 Mặt tiền đường số khu Tân Kiểng, lộ giới 12m có vỉa hè, tiện kinh doanh
💸 Hiện có 5 phòng đang cho thuê, thu nhập 15 triệu/tháng
💰 Giá: 9.7 tỷ TL (đã giảm 800 triệu) – thương lượng chính chủ",accepted,104600,2025-06-01 23:05:00+00:00,2025-05-22 16:43:53.707156,1020,13000,13102,9468,sell,9700000000,138571429.0,70.0,4.0,,,7,,,,,1.0,10,https://cdn.chotot.com/tAG2IS_CQNiRnd02CimNuSEWKdN6SY82PmFScKyhVK0/preset:listing/plain/4a90189db483e75fe252e286b31d385e-2932467122446203502.jpg
167735938,"Cần Bán Gấp Nhà 4 Tầng HXH N.T.Thập – Gần Phú Mỹ Hưng, Giá Cực Tốt!","Bán nhà 4 tầng kiên cố hẻm xe Tải Nguyễn Thị Thập, Q7 – Giá chỉ 8.79 tỷ‼️

•	Diện tích: 4x15.3m, sổ hồng vuông vức
•	Kết cấu: 1 trệt 3 lầu đúc thật, 5PN, 3WC, giếng trời thông thoáng
•	Có phòng ngủ tầng trệt, chừa sẵn vị trí lắp thang máy
•	Hẻm nhựa 1 trục thẳng, xe hơi ngủ trong nhà

📍 Vị trí đẹp, ngay Tân Phú – gần chợ Tân Mỹ, Lotte Mart, Phú Mỹ Hưng
📌 Phù hợp ở, mở spa, VP, phòng khám, KD online, hoặc cho thuê
📜 Sổ hồng riêng – hoàn công đầy đủ

💰 Chỉ 8.79 tỷ TL chính chủ – Cơ hội tốt tại trung tâm Q7!",accepted,104600,2025-06-01 23:05:00+00:00,2025-05-23 11:48:54.407383,1020,13000,13102,9473,sell,8790000000,144098361.0,61.0,3.0,4,15.3,5,,,effed1af273c08dd12de96781de78a30,,3.0,10,https://cdn.chotot.com/okZjpT7GebS0NLINR6AK1s3MBsxL1NLRxrFcOaLUvl8/preset:listing/plain/598514d950ef0a0d175058a7ca77e020-2932616102657269322.jpg
167763101,"BÁN NHÀ MẶT TIỀN ĐSỐ PHẠM HÙNG- 5x15- 4 TẦNG- VỪA Ở+KDBB, CHỈ 13.5 TỶ.","NHÀ CỰC HOT QUẬN 8 - ĐẲNG CẤP SẦM UẤT BẬC NHẤT, MẶT TIỀN ĐƯỜNG 12M CÓ LỀ 3M, NGANG BỀ THẾ 5M NHÀ SIÊU RỘNG - CHỈ 13.5 TỶ TL.

+ Vị trí: kinh doanh đỉnh của đỉnh, thích hợp mọi ngành nghề
+ Đường 12m có lề 3m để xe hơi xe máy vô tư
+ Diện tích 75m² ngang 5m không LG QH
+ Kết cấu: 1 trệt, 2 lầu, sân thượng, giếng trời cực sáng thoáng. Tổng 4pn, nhà bếp phòng khách
+ Tiện ích thì vô vàn, không thiếu một món ăn chơi nào
+ Thích hợp gia đình lớn ở hay mở công ty, kinh doanh cực tốt.

☎️ LH: *** Gặp Đăng xem nhà 24/7.",accepted,104600,2025-06-01 23:05:00+00:00,2025-05-24 11:56:43.600320,1020,13000,13103,9447,sell,13500000000,180000000.0,75.0,11.0,5,15,4,,,3526967d4e5d9c2321a8c67d70b78c77,,1.0,10,https://cdn.chotot.com/CoDo3U_8lTELYwfFaW05x1SUnh8z2X1HQwYYhU7vlXI/preset:listing/plain/34455d24870788ae8009b01e9e2020ba-2932762092748666771.jpg
167810127,"HÀNG HIẾM - LỖ 450TRIỆU, CHÍNH CHỦ BÁN CĂN HỘ 1PN CHỈ 1TỶ8 CC LÊ PHONG","Rổ hàng sang nhượng chính chủ gửi bán nhanh căn hộ Lê Phong - The Emerald Golf View. 
- Vị trí: 68 Đại Lộ Bình Dương, phường Lái Thiêu, Tp. Thuận An, Bình Dương.

- Diện tích: 51m² 53m², 1 phòng ngủ - 1 toilet.
* Nhà trống cơ bản chỉ 1,8 tỷ bao sổ hồng.
* Nhà đủ nội thất chỉ 1,95 tỷ bao sổ hồng.
* Full nội thất, view đẹp, 2,08 tỷ bao sổ hồng.

- Diện tích: 63m² 67m², 2 phòng ngủ - 1 toilet.
* Nhà trống cơ bản 2,2 tỷ bao sổ hồng.

- Diện tích: 72m², 2 phòng ngủ - 2 toilet.
* Nhà trống cơ bản 2,4 tỷ.
Liên hệ xem nhà: *** 

The Emerald Golf View - Căn hộ lý tưởng cho những ai tìm kiếm một không gian sống đẳng cấp, tiện nghi và an toàn tuyệt đối.

Thank you for choosing me.
Contact.
- Hotline: *** Kim Ngân (call/zalo) để xem nhà 24/24.
- Địa chỉ: The Emerald Golf View, 68 Đại lộ Bình Dương, P. Lái Thiêu, TP. Thuận An, Bình Dương.
Hiện tại Ngân Ngân House  đang là môi giới trực tiếp tại tòa nhà, kết nối với hơn 500 chủ căn hộ bán - cho thuê, số lượng căn lớn, đa dạng từ nhà trống đến có nội thất đẹp nên quý khách có nhiều sự lựa chọn phù hợp với tài chính và nhu cầu.",accepted,172881,2025-06-01 23:05:00+00:00,2025-05-26 11:25:23.233650,1010,2011,201108,8945,sell,1800000000,33962264.0,53.0,6.0,,,1,,The Emerald Golf View,,,2.0,10,https://cdn.chotot.com/j5L-Ar8QkTQgoJ_wjBcvtYq1lzDdieOTVmhtqdvOtlE/preset:listing/plain/600014ad7218cf77d120c6bf4ea14944-2933042546968995233.jpg
167818167,"Chính chủ bán nhà DT:4x10,5 giá 2 tỷ 2,lầu ,Vi bằng ,HBC,TĐ","Chính chủ bán nhà gần chợ Hiệp Bình ,đg xe hơi ,khu dân cư hiện hữu HBC,TĐ.
DT:4x10,5  giá 2 tỷ 2 ,nhà lầu gồm 2 p ngủ 1wc,đg xe hơi 
Có số nhà Quận ,giá còn TL cho khách thiện chí 
Khách có nhu cầu hãy gọi mình nhé",accepted,504938,2025-06-01 23:05:00+00:00,2025-05-26 15:36:51.050694,1020,13000,13119,9244,sell,2200000000,55000000.0,40.0,5.0,,,2,,,,,4.0,10,https://cdn.chotot.com/Ad1opULkrAsIrKJ8VW7zRcCzwu-bnPKktrh8c8rP0-U/preset:listing/plain/03aafb4db06d96f4df49c756eeac6401-2933072292337853857.jpg
167818340,NHÀ 4 TẦNG N.T.THẬP - XE HƠI ĐỖ CỬA - 4x15 - CHỈ 8.75 TỶ TL.,"Bán nhà hẻm xe hơi Nguyễn Thị Thập, Q7 – 4 tầng đúc thật, ở + kinh doanh cực đỉnh

•	Diện tích: 4x15m – sổ hồng vuông vức
•	Kết cấu: 1 trệt 3 lầu, 5PN, phòng ngủ trệt tiện lợi
•	Hẻm nhựa xe hơi ngủ trong nhà, cách MT vài bước
•	Khu dân trí cao, phù hợp ở, kinh doanh, cho thuê,…
💰 Giá: 8.75 tỷ TL chính chủ – pháp lý rõ ràng",accepted,104600,2025-06-01 23:05:00+00:00,2025-05-26 15:40:15.558808,1020,13000,13102,9473,sell,8750000000,145833333.0,60.0,5.0,4,15,5,,,effed1af273c08dd12de96781de78a30,,3.0,10,https://cdn.chotot.com/FGfetRaHmuXC16LkJXgFezAKU0YiahAwZID2wLpEWrM/preset:listing/plain/6831461a0edfa0581c9e563793a1efc1-2933074479508465057.jpg
167819883,"Lô góc Tây sơn, 20m ra phố, 3 thoáng,KD ,full nội thất, 40m2*4t","SIÊU PHẨM TÂY SƠN – 20M RA PHỐ – NHÀ SIÊU ĐẸP – 3 MẶT THOÁNG – TẶNG FULL NỘI THẤT – SỔ NỞ HẬU
	•	Bán nhà phố Tây Sơn, quận Đống Đa, diện tích 40m2, xây 4 tầng chắc chắn, mặt tiền 4.17m, giá chào 7.1 tỷ (có thương lượng).
	•	Vị trí trung tâm, cách mặt phố chỉ 20m, ngõ  nông rộng . Gần trường ĐH , Bệnh Viện , chợ dân sinh , tiện ích bạt ngàn 
	•	Lô góc 3 thoáng, sườn nhà có sân riêng để xe, rất sạch sẽ, thuận tiện sinh hoạt.
	•	Thiết kế nhà dân xây khung cột bê tông chắc chắn, mỗi tầng 1 phòng rộng + vệ sinh.
	•	Nội thất đầy đủ, khách mua chỉ việc xách vali về ở ngay.
	•	Sổ đỏ chính chủ, sổ nở hậu, pháp lý sạch, sẵn sàng giao dịch.

Liên hệ em Phương Nam chuyên nhà đẹp Đống Đa , để được tư vấn và xem nhà ngay, hoàn toàn miễn phí.",accepted,345847,2025-06-01 23:05:00+00:00,2025-05-26 16:28:30.163694,1020,12000,12075,76,sell,7100000000,177500000.0,40.0,8.0,,,3,,,512270da0a8b7a864145e85ee2478482,,3.0,10,https://cdn.chotot.com/0msq_seLCSNbAuLX_2EQ3Bnz3LUpFuYt6J6BP1gzsH8/preset:listing/plain/622d82609b698bcf7be5a4db852e91c0-2933079620023728523.jpg
167823981,"Đất thổ cư 79m2 Đại Công, Tiên Cường, sát khu công nghiệp 519 triệu","Tôi chính chủ cần bán lô đất đẹp tại Thôn Đại Công, xã Tiên Cường, huyện Tiên Lãng, Hải Phòng.
Diện tích 79m2 ngang 5m dài 15,8m.
Vị trí rất đắc địa, nằm giữa khu dân cư, kế bên KCN Tiên Cường 48ha đang thi công xây dựng hạ tầng.
Từ Quốc lộ 10 vào đất chỉ tầm 500m, đường thôn xóm rộng 5m, xe hơi vào tận đất, có chỗ quay đầu
Pháp lý, đất thổ cư, đã có sổ đỏ riêng, mua bán công chứng sang tên ngay.
Khu vực này xây nhà trọ cho thuê nhu cầu rất cao vì sau sẽ có nhiều nhà máy về đây.
Giá bán 519 triệu đồng, bớt Lộc cho khách thiện chí",accepted,28740,2025-06-01 23:05:00+00:00,2025-05-26 19:16:39.443528,1040,4019,401912,4025,sell,519000000,6569620.0,79.0,4.0,5,15.8,,,,,,1.0,10,https://cdn.chotot.com/btKxqQBf1QcBQGgmO0eVxDc40EOTLPDh_5_faTqF_FA/preset:listing/plain/167b5c4b9af84d2d3523a585f8838986-2933096023845723172.jpg
167840351,Chính chủ cần bán căn góc 2PN2WC lỗ 300tr cc Lê Phong,"🏡 Căn hộ Emerald Golf View - Giảm gần 300 triệu

🛏️ 2 phòng ngủ, 🚻 2 toilet
📏 Diện tích: 76m²
🛋️ Chủ nhà để lại hết nội thất
📜 Đã có sổ hồng
🌳 View nội Landmark 81 + Visip + Đại Lộ BD 
📍 Tầng 1x

💰 Giá bán: 2 tỷ 95 (bao sổ hồng và bao hết thuế phí)
📞 Liên hệ qua Zalo: ***  Kim Ngân

🏢 Chung cư Bình Dương em còn nhiều

#BánCănHộEmeraldGolfView #CănHộGầnAeonMall #ChungCưThuậnAn #BánCănHộBìnhDương #BánCănHộCóSổHồng #ChungCưViewĐẹp #CănHộ2PhòngNgủ #ChungCưNộiThấtĐầyĐủ #MuaBánChungCưBìnhDương

- Mua Bán Cho Thuê Chung Cư Bình Dương",accepted,172881,2025-06-01 23:05:00+00:00,2025-05-27 12:32:23.939804,1010,2011,201108,8945,sell,2950000000,38815789.0,76.0,8.0,,,2,,The Emerald Golf View,,,2.0,10,https://cdn.chotot.com/UOvKoqoYj1N4GqcJdbZFmXo0lQyDr81UC1dq3rhs150/preset:listing/plain/bef1da6a81f82175d97bc73438278ffa-2933200363555825057.jpg
167841197,"Đất 60m2 Mặt tiền đường 25 Đại Thắng, Tiên Lãng giá 1,1 tỷ đồng","Cần bán lô đất đẹp 60m2 mặt tiền đường 25, đường Trục xã Đại Thắng, huyện Tiên Lãng, Hải Phòng.
Diện tích 60m2, ngang 5m dài 12m, full thổ cư. Mặt tiền đường trục xã đang mở rộng 12m. 
Gần UBND xã Đại Thắng, Cách trường cấp 1, cấp 2 tầm 40, cách ngã tư Hoà Bình và chợ Hoà Bình tầm 1km, gần Quốc lộ 10 và cách KCN Tiên Cường chỉ hơn 1km.
Vị trí đắc địa, thuận lợi đi chuyển mọi nơi. Khu vực này đang có dự án xây cầu Bắc qua Thanh Hà, Hải Dương. Chỉ 1 năm nữa khu hạ tầng đường xá kết nối và các nhà máy đi vào hoạt động thì sẽ rất là nhộn nhịp và giá đất còn tăng nữa.
Đất có vị trí mặt tiền thuận tiện kinh doanh mọi ngành nghề. Bìa đỏ chính chủ, mua bán công chứng sang tên ngay.
Giá chỉ hơn 18 triệu đồng/ 1m2 tầm 1,1tỷ đồng, có thỏa thuận.",accepted,28740,2025-06-01 23:05:00+00:00,2025-05-27 13:09:23.071873,1040,4019,401912,4024,sell,1100000000,18333333.0,60.0,3.0,5,12,,,,,,1.0,10,https://cdn.chotot.com/EUddyes_CGLMVVrQ-Ti1gDgxKeXOfe8DtsI3PeWXYyE/preset:listing/plain/7cb738cfdfe8a7c3966b53a0e524b2fc-2933204155927553120.jpg
167841362,bán đất ngay chợ phú mỹ đường bê tông 6m,"cần bán lô đất diện tích 5*23.4
thổ cư 39m
đường bê tông 6m cụt
cách chợ trường học 300m",accepted,303067,2025-06-01 23:05:00+00:00,2025-05-27 13:14:11.462546,1040,2011,201101,8881,sell,2280000000,19655172.0,116.0,5.0,5,23.3999,,,,,,1.0,10,https://cdn.chotot.com/f8k5G9k8iU-HMvQQ0_pFc4oJZSJHv6c2BIDaIN-hdE8/preset:listing/plain/30fac9001c11474a0ac93937d85abdd7-2933204764594845351.jpg
167842804,"Chính củ bán đất DT:68,8m2 giá 2 tỷ 4,sổ riêng,Thuận An,Bình Dương","Chính chủ cần bán đất Bình chuẩn 42 ,  Thuận An , bình Dương .
Khu dân cư hiện hữu ,dự án LÊ Phong .
DT:4x17,2 giá 2 tỷ 4 ,sổ hồng riêng chính chủ ,mật độ xây dượng 1 trệt 2 lầu .
Khách hàng có nhu cầu hãy gọi mình nhé",accepted,504938,2025-06-01 23:05:00+00:00,2025-05-27 14:02:05.923522,1040,2011,201108,1,sell,2400000000,34782609.0,69.0,5.0,,,,,,,,1.0,10,https://cdn.chotot.com/E6jdIVybp7fgy4jd9sE8FJLG6lRKuXanUQGAILz21uY/preset:listing/plain/92f8d11b54687bf7a416c655cdd4ade8-2933207316232791201.jpg
167843227,"Chính chủ bán đất DT:106m2 giá 4 tỷ 7,Sổ riêng  ,HBP,TĐ","Chính chủ bán đất gần ngã tư bình Phước ,chợ Nông sản thủ đức ,QL13 .
DT:106,8m2 giá 4 tỷ 7 ,sổ hồng riêng , trong đó có 66m2 đất ở thổ cư,còn 40,8m2 đất cây hàng năm .
Đường xe hơi cách QL13, 50m ,khu dân cư hiện hữu ,mật độ xây dựng 1 trệt 2 lầu .
Khách có nhu cầu hãy gọi mình nhé",accepted,504938,2025-06-01 23:05:00+00:00,2025-05-27 14:15:33.461515,1040,13000,13119,9243,sell,4700000000,44339623.0,106.0,3.0,,,,,,,,1.0,10,https://cdn.chotot.com/78KASkaTuhiyxye_H62_4ywDtSf4xyyf6jCSEIPDhL8/preset:listing/plain/7aee5fec1c1956b2f776643be862395b-2933210034690909280.jpg
167845272,bán lô đất đường N16 khu TĐC Phú mỹ phường phú tân,"cần bán lô đất đường N16
diện tích 5*20 thổ cư hết
cách góc d12 với N16 20m",accepted,303067,2025-06-01 23:05:00+00:00,2025-05-27 15:08:49.443381,1040,2011,201101,8882,sell,2750000000,27500000.0,100.0,3.0,5,20,,,,,,1.0,10,https://cdn.chotot.com/nrUuiABxg_DSezOXkAA5I3zKWDlA9YfwDCoxrEasi9A/preset:listing/plain/88e7cc40a8bc36195cdf3d95335b3d42-2933216333943137376.jpg
167851093,"MTKD Đ.SỐ PHẠM HÙNG - 5x15 - ĐƯỜNG 12M, LỀ 3M - 4 TẦNG, CHỈ 13.5 TỶ TL","🔥 BÁN NHÀ MẶT TIỀN VIP QUẬN 8 – ĐƯỜNG 12M, NGANG KHỦNG 5M – CHỈ 13.5 TỶ TL 🔥

•	Diện tích: 5x15m (75m²), không lộ giới – không quy hoạch
•	Kết cấu: 1 trệt, 2 lầu, sân thượng, 4PN – giếng trời cực thoáng
•	Mặt tiền đường 12m, vỉa hè 3m, xe hơi đậu thoải mái
•	Vị trí siêu sầm uất, tiện kinh doanh – mở công ty – cho thuê
•	Gần chợ, trường học, ngân hàng, siêu thị…

📞 Gọi ngay *** – Xem nhà thực tế & thương lượng chính chủ!",accepted,104600,2025-06-01 23:05:00+00:00,2025-05-27 18:24:24.048643,1020,13000,13103,9447,sell,13500000000,180000000.0,75.0,5.0,5,15,4,,,3526967d4e5d9c2321a8c67d70b78c77,,1.0,10,https://cdn.chotot.com/1uRNqlTWykwirX46ApBUjvVMx5v9AlqeXODoIea7TE4/preset:listing/plain/be9b557c7d7e002ed70c97170574a8ff-2933236036117126299.jpg
167858383,nhà 2/ lê căn khương.quận 12.DT : 4m x 12m đúc lầu.3pn,"👉 Bán nhà 2/ Lê Văn Khương, Phường Thới An, Quận 12.
👉 Diện tích: ngang 4 dài 12. Thiết kế 1 trệt 1 lầu . Gồm 3 Phòng ngủ, có phòng dưới đất, 2 wc.
👉 Đường trước nhà 3m. Cách 20m ra hẻm xe hơi. 
Nhà sạch sẽ, cao ráo . Vị trí thuận tiện di chuyển 
👉 Tiện ích xung quanh: gần trường học, chợ, UBND phường, Quận, về gò vấp chưa được 5p. 
Nhà sổ hồng riêng , hoàn công đầy đủ . 
Giá 3tỷ950 còn bớt 
Nhà đất ngọc ngân",accepted,119747,2025-06-01 23:05:00+00:00,2025-05-28 07:22:38.193148,1020,13000,13107,9230,sell,3950000000,82291667.0,48.0,6.0,4,12,3,48,,c242b528f8c4d8cf9eb7725312bae67e,,3.0,10,https://cdn.chotot.com/XDiMOSvfBKRRfm-b74g7djx3igNjmGBFnBBzQY9yjCs/preset:listing/plain/21077c07219116244646c332c4bb54c8-2933314173714685083.jpg
167858857,"HOT- Bán gấp nhà 5x24m, mặt tiền Phan Văn Đối, gần chợ Bà Điểm Hóc Môn","Mặt tiền Phan Văn Đối, Xã Bà Điểm - Hóc Môn.
+ Diện tích 5m x 24m, sổ hồng riêng.
+ Giá bán: 8.85 tỷ
* Vị trí đất:
- Xã Bà Điểm, Hóc Môn.
- Mặt tiền đường Phan Văn Đối
- Cách ngã 3 Phan Văn Hớn 100m
- Cách trường Bùi Văn Thủ 300m.
- Cách chợ Bà Điểm 350m.
- Nhà mặt tiền kinh doanh buôn bán vạn ngành nghề...
* Liên hệ: A Thanh! Chân thành cảm ơn.
+ Nhận ký gửi nhà đất
+ VP Chợ Địa Ốc Số 8/2C Phan Văn Hớn, Bà Điểm, Hóc Môn.",accepted,31373,2025-06-01 23:05:00+00:00,2025-05-28 07:54:37.818728,1020,13000,13117,9508,sell,8850000000,73750000.0,120.0,7.0,5,24,2,120,,247bfef6555416f29668eec80e10795f,,1.0,10,https://cdn.chotot.com/8N7ecg6di1N3No6XtPWVu5MjQuVYgpgtMli_OxfpSWA/preset:listing/plain/ab340eb249c2aeaad0305a4200ee6f9c-2933317184750804123.jpg
167859493,"Bán gấp nhà DT 5m x 50m Mặt tiền Phan Văn Hớn,gần chợ Đại Hải, Hóc Môn","* Chính chủ kẹt tiền giải quyết công việc cuối năm cần bán gấp nhà mặt tiền buôn bán, sổ hồng đầy đủ, bán hỗ trợ sang tên và vay qua Ngân hàng!
+ Diện tích sử dụng 5m x 50m, thổ cư 175mv, dt sàn 345mv, hướng Đông Bắc, sổ hồng riêng, nha
+ Giá bán: 12 tỷ
* Vị trí nhà:
- Xã Xuân Thới Thượng, Hóc Môn.
- Mặt tiền Phan Văn Hớn
- Cách công viên sinh thái 500m
- Cách chợ Đại Hải 900m.
- Gần ngã 3 các tuyến Nguyễn Thị Thử, Trần Văn Mười, Phạm Văn Sáng...
- Tuyến đường dân sinh cực sung, kinh doanh buôn bán đa ngành nghề...
* Tiện ích:
- Đất vị trí tuyệt đẹp, gần cổng chợ, ngã 3, kinh doanh đa ngành nghề.
- Thuận tiện mở trng tâm anh ngữ, văn phòng cty...
- Chỉ mất 25' ra sân bay và về trung tâm thành phố (15km).
__________________
LH: Anh Thanh Chợ Địa Ốc
♡ Nhận ký gửi nhà đất
♡ Thông tin chính xác và hình ảnh thực tế! Chân thành cảm ơn!
♡ Địa chỉ: 8/2c Phan Văn Hớn, Bà Điểm, Hóc Môn, TP. HCM",accepted,31373,2025-06-01 23:05:00+00:00,2025-05-28 08:24:34.821887,1020,13000,13117,9507,sell,12000000000,48000000.0,250.0,6.0,5,50,4,350,,8c4a78a03659f235e9c2d0358f40382d,,1.0,10,https://cdn.chotot.com/LnDlfPxWqWddO2D7kAy8EX3g4tAeNkS4rc3W39gei44/preset:listing/plain/160672ce252ed4afb3fda9a1dc2e2ad4-2933320240098827419.jpg
167860058,Góc 2MTNB khu Tên Lửa - 4x14m - Gác có ban công (2PN-1WC) gần VĐTrong,"Cho thuê nguyên căn góc 2MT  đường nội bộ khu Tên Lửa gần Vành Đai Trong
Dt: 4x14m - Gác lửng (2PN-1WC) nhà đẹp ở ngay
Giá: 7 Triệu/tháng (chủ muốn cọc 3 tháng)
Đường sạch đẹp, ko ngập, căn góc thoáng mát, sát bên chợ, trường học, aeon mall bình tân
Lh: Tâm ký gửi mua bán, thuê bđs khu Tên Lửa",accepted,142419,2025-06-01 23:05:00+00:00,2025-05-28 08:42:16.137231,1020,13000,13108,9461,let,7000000,125000.0,56.0,6.0,4,14,2,,,,,1.0,10,https://cdn.chotot.com/8MlGBvjzUfCYVbmd8fJjGE_nPj72QdOXmDc1s1EdRzQ/preset:listing/plain/5868d442421c41d9782890f1064b6241-2933322254296540321.jpg
167861075,"Chính chủ cho thuê nhà DT:3,3x18 giá 11tr/thg lầu ,Trường thọ ,TĐ","Chính chủ cho thuê nhà đg  xe hơi vào tận nơi ,gần Kha vạn Cân ,  PVĐ, Coopmall,điện máy Xanh ,chợ Thủ Đức ,ngã tư Bình Thái .
DT:3,3x18 giá 11tr/thg nhà lầu gồm 3 p ngủ ,2wc,,có giếng trời , nội thất đầy đủ
Thích hợp hộ gia đình ,mở v/p công ty .
Cọc 2 thg .
Khách có nhu cầu hãy gọi mình nhé",accepted,504938,2025-06-01 23:05:00+00:00,2025-05-28 09:11:40.406727,1020,13000,13119,9249,let,11000000,157143.0,70.0,8.0,,,3,,,,,3.0,10,https://cdn.chotot.com/8QbFwkb0ZNYG3pCzHjx38OG9IwW5zw9Wmp5cj05fnio/preset:listing/plain/f183e0d98bf90d72608be639a6483a34-2933323706514625344.jpg
167873129,"Chính chủ cho thuê nhà DT:60m2 giá 13tr/thg lầu ,HBC,TĐ","Chính chủ cho thuê nhà đg xe hơi ,gần chợ Hiệp Bình,PVĐ,gigamall,cầu Bình Triệu .
DT:4x15 giá 13 tr/thg nhà lầu ,gồm 3 p ngủ ,2wc ,hẻm xe hơi ,có nội thất đầy đủ ,chỉ cần xách va ly vô ở ,
Thích hợp hộ gia đình ,bán hàng online ,
Khách hàng có nhu cầu hãy gọi mình nhé",accepted,504938,2025-06-01 23:05:00+00:00,2025-05-28 14:34:33.445488,1020,13000,13119,9244,let,13000000,216667.0,60.0,6.0,,,3,,,,,3.0,10,https://cdn.chotot.com/I1KUHcdfqHRU5GqWZ_OjbZ4VGLU3MxRZ_4LLXFK-68U/preset:listing/plain/5dfeca234465c58940c80b6ea017bb1b-2933356699929533595.jpg
167873703,"Căn hộ Nam Long Hồng Phát 38m2, sổ hồng, 1 phòng ngủ, thang máy, mới","BÁN CĂN HỘ CHUNG CƯ NAM LONG - 38M2- 1 PHÒNG NGỦ
GIÁ: 850 TRIỆU (SỔ HỒNG)- BÁN TIỀN MẶT KHÔNG VAY.
—————————-
- Diện tích: 38m2
- Hướng cửa: Tây Nam, view đường phố.
- Pháp lý: sổ hồng, cuối năm 2025 đủ điều kiện sang tên.
🏡Kết cấu: 1 phòng ngủ, 1 WC, 1 ban công, 1 kệ bếp.
+ TẶNG FULL NỘI THẤT NHƯ HÌNH
—————————
🎁 Giá bán: 850 triệu (bên mua chịu thuế)
☎️ Liên hệ:  gặp Kim Trường",accepted,359963,2025-06-01 23:05:00+00:00,2025-05-28 14:57:20.174002,1010,5027,502704,10758,sell,850000000,22368421.0,38.0,8.0,,,1,,,f53957e4fcf90365a9fed5985d82eb07,,1.0,10,https://cdn.chotot.com/AYwwyPttqEwb2JEtNFRiqIGw4FnVQxtV3WSawB6zEqo/preset:listing/plain/e068ce66a96db4329da691ee204eeae2-2933359321489003750.jpg
167875190,Đất MT đường 32 ngay Aeon mall Bình Tân 5x20m - tặng nhà cấp 4,"Bán đất MT đường 32 khu Ao Sen (ngay cổng Aeon mall Bình Tân)
Dt: 5x20m - 12.5 Tỷ. Tặng nhà cấp 4
Vị trí rất đẹp, thích hợp ở, làm VP, KS, CHDV…
Lh  Tâm ký gửi mua bán thuê bđs khu Tên Lửa",accepted,142419,2025-06-01 23:05:00+00:00,2025-05-28 15:27:18.732671,1040,13000,13108,9461,sell,12500000000,125000000.0,100.0,3.0,5,20,,,,bc7fd887d465629c813c6b2a5d8abed6,,1.0,10,https://cdn.chotot.com/qgUsXI1YGD6WFjObN0pJrSIlkiAg7LdmBgjN4t7Q1to/preset:listing/plain/5365a173f6c5dac5603389dc662d0c64-2933363228061084266.jpg
167881257,"Đất 60m2 ngang 4,8m MT Kiến Phong, Đồng Thái 1,67 tỷ","Cần bán lô đất đẹp mặt đường trục thôn Kiến Phong, Đồng Thái, An Dương, Hải Phòng.
Diện tích 60m2 ngang 4,8m dài 12,5m, thổ cư full đât.
Mặt tiền trục thôn Kiến Phong rộng 6m. Hai xe hơi tránh nhau thoải mái, ô tô đỗ cửa ngày đêm.
Vị trí đẹp ngay đằng sau nhà văn hóa Kiến Phong, gần chợ đêm An Đồng, gần đường Bùi Viện, gần PG An Đồng, ra vào trung tâm Thành phố 5km. Giáp khu đô thị Đồng Thái. Đất không dính quy hoạch hay lộ giới gì cả.
Đất đang chờ tách sổ, tầm 20 ngày nữa có bìa riêng, giá F0 giá tốt cho nhà đầu tư. 
Giá bán 1,67 tỷ đồng ( bớt Lộc)
Mong gặp khách thiện chí",accepted,28740,2025-06-01 23:05:00+00:00,2025-05-28 19:00:35.394100,1040,4019,401909,3984,sell,1670000000,27833333.0,60.0,3.0,4.8,12.5,,,,,,1.0,10,https://cdn.chotot.com/z-N9guIb_9HBQkhoR5TnTkrC01pK4vEDc9n4mSBuV24/preset:listing/plain/a1bcc625e74fce69b89bbb2fa8763e43-2933384706840911003.jpg
167890996,nhà 1/ đường hiệp thành 12.cách chợ hiệp thành 500m,"👉Nhà 1 xẹc HT12 vô 30m ngắn, hẻm 2,5m. 
👉 Nhà 3,5x4,5m, đúc 1 lầu ( luôn ban công) 
👉 Giá : 710tr bớt chút( shc, vi bằng ) )
🌾 Nhà đối diện chợ hiệp thành và khu công nghiệp tân thới hiệp, quy hoạch dân cư hiện hữu.
Lh:nhà đất ngọc ngân 
Xin cảm ơn❤️ cộng tác vv ❤️",accepted,119747,2025-06-01 23:05:00+00:00,2025-05-29 09:37:12.761246,1020,13000,13107,9229,sell,710000000,45079365.0,15.75,7.0,3.5,4.5,1,15.75,,,,4.0,10,https://cdn.chotot.com/Cv_2ESA8Rc3Cp3eCbvlJvCi4kcajC_wAv0zvQntn40I/preset:listing/plain/cb42ef84aa5351acc6d9f99bee354de2-2933472868537256240.jpg
167891184,Nhà ngay công viên khu Ao Sen - 5x20m - 3.5 Tấm cách aeon 1 phút,"Bán nhà MTNB khu Ao Sen gần Aeon mall Bình Tân
Dt: 5x20m - 3.5 Tấm nhà đẹp ở ngay
Giá: 13.6 Tỷ tl
Nhà đối diện công viên, khu dân trí cao, ko ngập, đầy đủ tiện ích…
Lh Tâm ký gửi mua bán thuê bđs khu Tên Lửa",accepted,142419,2025-06-01 23:05:00+00:00,2025-05-29 09:42:19.845076,1020,13000,13108,9461,sell,13600000000,136000000.0,100.0,4.0,5,20,4,,,,,1.0,10,https://cdn.chotot.com/sCtirF9rdqWVrIolNb17u0S5-3z3sB83VXvPA_gBoYU/preset:listing/plain/c8872dfb10e618cc0c2a89d84c5a377b-2933473397472971810.jpg
167901874,"Chính chủ bán nhà1/10/12, DT3,5x10 giá 3 tỷ 5 ,lửng ,HBC,TĐ","Chính chủ bán nhà 1/10/12 đg 53 gần chợ Hiệp Bình ,PVĐ,Gigamall,cầu Bình Triệu .
DT3,5x10 giá 3 tỷ 5 ,nhà có lửng ,gồm 1 p ngủ, 1wc,hẻm ba gác ,cách đg ô tô 20m .
Sổ hồng  chính chủ ,khu dân cư hiện hữu ,an ninh ,hàng xóm thân thiện 
Khách có nhu cầu hãy gọi mình nhé",accepted,504938,2025-06-01 23:05:00+00:00,2025-05-29 14:59:09.253033,1020,13000,13119,9244,sell,3500000000,100000000.0,35.0,8.0,,,1,,,,,3.0,10,https://cdn.chotot.com/nvnpw--WZjYGAXyuWNSBFAjwEg4fLRKvfk41zrRuQqM/preset:listing/plain/173124c448da4e264beeda65e4df685b-2933503833852292019.jpg
167905722,"Giảm sâu! Nhà Hoàng Cầu, ngõ 3 gác, lô góc, full nội thất, 46m2*5T.","- NGÕ THÔNG - LÔ GÓC - DÂN XÂY KCBT CHẮC CHẮN - FULL NỘI THẤT.
- Nhà đẹp phố Hoàng Cầu, quận Đống Đa, diện tích 46m2, 5 tầng. Chỉ 7.84tỷ ( có TL )
- Vị trí trung tâm Đống Đa, từ nhà ra mặt phố  chỉ 60m, ngõ 3 gác rộng, ngõ thông tứ tung ra Thái Thịnh, Thái Hà, Láng Hạ…
- Khu vực ít nhà bán, tiện ích xung quanh ngập tràn, gần trường học các cấp, bệnh viện, chợ dân sinh gần nhà, ở cực kì sướng.
- Nhà chủ tự xây tâm huyết, khung cột bê tông chắc chắn, 5 tầng, gồm 4 phòng ngủ rộng rãi ánh sáng ngập tràn.
- Sổ đỏ chính chủ cất két sẵn sàng giao dịch.

Liên hệ : Em Phương Nam  chuyên nhà đẹp Đống Đa.",accepted,345847,2025-06-01 23:05:00+00:00,2025-05-29 16:45:58.313205,1020,12000,12075,67,sell,7840000000,170434783.0,46.0,12.0,,,4,,,7a68aaf82159910392221042f8cc9ee0,,3.0,10,https://cdn.chotot.com/_ysMnp4o94u0a9OvfeO-TVwW_ybB2hyGD29Lbr4TIpg/preset:listing/plain/fbc8092b8ec20ecd24bb8dc524fd6ca8-2933516250045575751.jpg
167905920,"Bán nhà Thái Thịnh, sát phố, gần ô tô, KD, ở ngay, 38m2.","NHÀ Ở PHỐ THÁI THỊNH - GẦN Ô TÔ - SÁT PHỐ - KINH DOANH.
- Nhà Thái Thịnh, quận Đống Đa, diện tích 38m2. Chỉ 6.3 tỷ ( có TL )
- Vị trí trung tâm Đống Đa, phố hot Thái Thịnh, ngõ thẳng, 15m oto đỗ dừng.
- Quanh nhà tiện ích bạt ngàn, kinh doanh, hàng xóm thân thiện, dân trí cao, gần trường học các cấp, chợ dân sinh…
- Nhà chủ tự xây tâm huyết khung cột bê tông chắc chắn nay muốn bán mua nhà to hơn. Thiết kế hiện đại gồm 4 ngủ đủ công năng, phòng khách, bếp, phòng thờ rộng rãi.
- Sổ đỏ chính chủ cất két sẵn sàng giao dịch.

Liên hệ Phương Nam  chuyên nhà đẹp Đống Đa.",accepted,345847,2025-06-01 23:05:00+00:00,2025-05-29 16:52:08.544341,1020,12000,12075,78,sell,6300000000,165789474.0,38.0,7.0,,,4,,,8c49f54fc8d4544fa43cda00fec6df26,,3.0,10,https://cdn.chotot.com/o7i9NB4ztjrbg5coX1u60DL2uWdwhNbQIWFrjDnehX8/preset:listing/plain/a960ddf3bfaa4194d58ea38bce062879-2933516801454414962.jpg
167906096,"Bán nhà Trung Phụng, ngõ ô tô, 2 thoáng, KD, full nội thất, 41m2.","NHÀ ĐẸP - NGÕ Ô TÔ - FULL NỘI THẤT NHẬP KHẨU - 2 THOÁNG - Ở LUÔN.
- Nhà đẹp Trung Phụng, quận Đống Đa, diện tích 41m2, 5 tầng. Chỉ 7 tỷ ( có TL ).
- Vị trí nhà nằm trong con phố sầm uất Trung Phụng, trung tâm Đống Đa, từ nhà ra mặt ngõ đúng 2 ngoặt, ngõ thông qua Khâm Thiên, Xã Đàn, Thổ Quan… đi đâu cũng tiện.
- Trước nhà sáng thoáng, 3 gác phi, kinh doanh tấp, tiện ích xung quanh không thiếu thứ gì.
- Nhà dân tự xây chắc chắn. Thiết kế hiện đại gồm 4 ngủ đủ công năng, phòng khách, bếp, phòng thờ rộng rãi.
- Sổ đỏ nở hậu chính chủ cất két sẵn sàng giao dịch.

Liên hệ Mai Anh chuyên nhà đẹp Đống Đa.",accepted,345847,2025-06-01 23:05:00+00:00,2025-05-29 16:58:30.714730,1020,12000,12075,71,sell,7000000000,170731707.0,41.0,7.0,,,4,,,d65873767b853ec5bb3a101150cbd0b4,,3.0,10,https://cdn.chotot.com/qNP3piFK3Ip_3kanyV1bloHzpxoVrYHpeVYfhK95Bcs/preset:listing/plain/38f045119617c0a8481136f41b6cc5ad-2933517497207393193.jpg
167906269,"Đẳng cấp! Đào Tấn 39m2, ngõ thẳng, 10m ra ô tô, ở ngay.","PHỐ VIP ĐÀO TẤN-  NGÕ THẲNG - NGÕ NÔNG - 10M RA OTO - TẶNG FULL NỘI THẤT.
- Nhà ở Đào Tấn, vị trí Vip quận Ba Đình, nhà sát phố, diện tích 39m2*5T.
- Ngõ nông, 10m ra oto đỗ dừng, gần các con đường hot như Nguyễn Trí Thanh, Kim Mã, Liễu Giai, Ngọc Khánh… đi đâu cũng tiện.
- Xung quanh đầy đủ các tiện ích, trường học, bệnh viện, chợ, TTTM…ở sướng.
- Nhà xây 5 thiết kế theo kiểu hiện đại, 4 phòng ngủ khép kín đẹp xinh, tặng full nội thất, chủ mới chỉ việc sách Vali về ở.
- Sổ đỏ nở hậu, cất két sẵn sàng giao dịch.
- 
Liên hệ: Phương Nam chuyên nhà đẹp Đống Đa, Ba Đình Hà Nội.",accepted,345847,2025-06-01 23:05:00+00:00,2025-05-29 17:04:44.521699,1020,12000,12074,4,sell,6700000000,171794872.0,39.0,12.0,,,4,,,f512b596c97261ee1cd757ccb54ed673,,3.0,10,https://cdn.chotot.com/FMxTHBHv56LMPKwnnffYQCt0vHIm6P0RVERk30OCpQE/preset:listing/plain/de8042373bd08811484c7382e6c56834-2933518000445889650.jpg
167908820,"Đất Lô góc 62m2 ngang 5m MT đường thôn Kiến Phong, Đồng Thái 1.79 tỷ","Cần bán lô đất đẹp góc hai mặt tiền đường trục thôn Kiến Phong, Đồng Thái, An Dương, Hải Phòng.
Một mặt tiền đường rộng 6m và mặt bên hông rộng 3m, dễ thiết kế xây nhà.
Diện tích 62m2 ngang 5m dài 12,4m thổ cư full đất.
Mặt tiền trục thôn Kiến Phong rộng 6m. Hai xe hơi tránh nhau thoải mái, ô tô đỗ cửa ngày đêm.
Vị trí đẹp, ngay nhà văn hóa Kiến Phong, gần chợ đêm An Đồng, gần đường Bùi Viện, gần PG An Đồng, ra vào trung tâm Thành phố 5km. Giáp khu đô thị Đồng Thái. Đất không dính quy hoạch hay lộ giới gì cả.
Đất đã có sổ đỏ riêng, công chứng sang tên ngay
Giá bán nhanh 1,79 tỷ đồng, có thương lượng
Mong gặp khách thiện chí",accepted,28740,2025-06-01 23:05:00+00:00,2025-05-29 19:01:34.264849,1040,4019,401909,3984,sell,1790000000,28870968.0,62.0,3.0,5,12.3999,,,,,,1.0,10,https://cdn.chotot.com/GKbyilRrnfXw2zZDiP64du_nZiKAtQedrMdCOa6PHxw/preset:listing/plain/5a424cdca8840f270df058088c8f0446-2933529216869328408.jpg
167910477,"Đất 150m2 Khu dân cư Tiền Hải, Thị trấn Vĩnh Bảo","Cần bán lô đất đẹp 150m2 gần chung cư đang xây khu dân cư Tiền Hải, Thị trấn Vĩnh Bảo, Hải Phòng
Đất đã có sổ đỏ riêng, mặt tiền đường rộng xe hơi hai chiều tránh nhau.
Nằm trong khu phân lô đang xây dựng mạnh cách quốc lộ 10 vào 400m cách khu công nghiệp Tân Liên gần 1km, cách chợ huyện Vĩnh Bảo 300m.
Giá bán 23 triệu đồng/ 1m2 tầm 3,4 tỷ đồng
Thương lượng mạnh, mong gặp khách có nhu cầu",accepted,28740,2025-06-01 23:05:00+00:00,2025-05-29 20:23:59.324205,1040,4019,401913,4046,sell,3400000000,22666667.0,150.0,3.0,5,30,,,1,b976ebf09a8ed14d40f2e4570854ab53,,1.0,10,https://cdn.chotot.com/uWOo5mo8SN5M1dihdr4SwYkAhp8GK1DENuBDIWeD_Xs/preset:listing/plain/bcd8551fb0045c705987e08ba879fff0-2933537615289968152.jpg
167916181,"Căn hộ Trệt chung cư shophouse Nam Long 2 central lake, 2PN, Tây Nam","CHO THUÊ CĂN HỘ TRỆT SHOPHOUSE CENTRAL LAKE - 6,5 TRIỆU.
(GIÁ ĐÃ BAO GỒM PHÍ QUẢN LÝ)
-------------
Cho thuê căn hộ thương mại tầng trệt chung cư Nam Long 2 Central Lake.
- Diện tích: 64m2 (trệt 32m2, lầu 32m2)
- Hướng: Tây Nam, view công viên, nội khu
🏡Kết cấu: 1 sảnh kinh doanh tầng trệt, 1 phòng ngủ trên lầu, 1 bếp, 2 toilet. Phòng khách trống suốt thuận tiện kinh doanh nhỏ, văn phòng công ty.
- Chung cư an ninh, yên tĩnh, bảo vệ 24/24, xung quanh đầy đủ tiện ích.
KHÔNG GIAN XANH - HỒ CẢNH QUAN- KHU THỂ THAO- TIỆN ÍCH ĐẦY ĐỦ,...
------------
💰6,5 triệu, cọc 2 tháng, hợp đồng lâu dài. (Đã bao gồm phí quản lý)
☎️ Liên hệ: gặp Kim Trường",accepted,359963,2025-06-01 23:05:00+00:00,2025-05-30 08:28:09.745892,1010,5027,502704,10758,let,6500000,101563.0,64.0,23.0,,,2,,,aafc28722c08e4fd8ae7b6c05b3002bc,,,10,https://cdn.chotot.com/cYZHLIjDK8CawXdPTJzJm189FADo4eDHfRFdrM0XbaQ/preset:listing/plain/1aed959731f948dd52f72704062c8281-2933925611404521264.jpg
167927374,"Nhà 100m2 đất 3 tầng Phương Khê, Lãm Hà, Kiến An 5 triệu đồng","Cần cho thuê căn nhà đẹp tại Phương Khê, Lãm Hà, quận Kiến An.
Nhà 100m2 đất ngang 5m dài 20m xây 3 tầng, 4pm, 3wc. Nhà ngõ xe hơi, nhà còn đẹp, gần bệnh viện Nhi Đức, gần cầu Kiến An. Xung quanh nhiều tiẹn ích, gần trường mầm non, cấp 1, 2 và gần chợ
Giá cho thuê 5 triệu đồng 1 tháng",accepted,28740,2025-06-01 23:05:00+00:00,2025-05-30 14:19:10.366915,1020,4019,401905,3913,let,5000000,50000.0,100.0,4.0,5,20,4,300,,cf5265b6db1e6e830aa60c7676f576b4,,3.0,10,https://cdn.chotot.com/Znyj9OHvTL-D5yxHQcJLm9n3iQBxMWyLhinZZEP5X7k/preset:listing/plain/a70a5e1fd530a06a3350bc254847cd54-2933646092301477866.jpg
167943717,"Chính chủ cho thuê nhà đẹp.DT;60m2 giá 14tr/thg ,2 lầu ,HBC,TĐ","Chính chủ cho thuê nhà gàn chợ Hiệp bình ,PVĐ,Gigamall,cầu Bình Triệu ,Đại học luật ,sân bay TSN.
DT:4x15 giá 14tr/thg nhà 1 trệt 2 lầu gồm 4 p ngủ ,5wc,,ban công thoáng mát,sân phơi đồ ,sân thượng .
Thích hợp hộ gia đình ,hay v/p công ty .
Khách có nhu cầu hãy gọi mình nhé",accepted,504938,2025-06-01 23:05:00+00:00,2025-05-31 09:03:55.605917,1020,13000,13119,9244,let,14000000,233333.0,60.0,10.0,,,4,,,,,4.0,10,https://cdn.chotot.com/i518vSYXzqbUK_zG_M00xVQmCpxZ7pjuwykIHQxLvDQ/preset:listing/plain/b3c99b21432b4e92ed767cc84a71e6eb-2933758133649861547.jpg
167946848,"Chính chủ cho thuê nhà DT:4x16 giá 8,5tr/thg lầu ,HBP,TĐ","Chính chủ cho thuê gần Vạn Phúc,Cân Nhơn hòa ,đại học luật ,chợ Bình triệu 
DT:4x16 giá 8,5tr/thg nha lầu gồm 2 p ngủ ,2wc,hẻm xe hơi vào tận nhà 
cọc 2 thg ,
Thích hợp gia đình ,bán online .
Khách có nhu cầu ãy gọi mình nhé",accepted,504938,2025-06-01 23:05:00+00:00,2025-05-31 10:42:18.540056,1020,13000,13119,9243,let,8500000,132813.0,64.0,7.0,,,2,,,,,3.0,10,https://cdn.chotot.com/zxunOJ75rCjfdRhQ1wgZOtXSceVgY4KtrNOUTMYhFLY/preset:listing/plain/c3c5ef2cf88621d33014bbd9ea14b5b1-2933768503500467115.jpg
167971767,"nhà tân chánh hiệp,sau lưng phầm mềm quang trung.shr","❤️Hàng mới ...Nhà SHR đường 6m xe tải thông chỉ 1/ ngay cổng sau Phần Mềm Quang Trung,Thuộc Phường TCH-Q12
Nhà mua ở hoặc cho thuê buôn bán làm tóc spa ..vvv...
👉DT: ngang 8m ❌ dài 7m= sổ cn 44,3m( Dt sàn 87m)
👉1 trệt 1 lầu :1pk ,bếp ,2pn,3tollet.
👉Nhà hướng bắc 
👉khu dân cư hiện hữu 100%
👉Mua bán bao sang tên có hỗ trợ bank
✈️ Giá: 3 tỷ 680 TL 
👉lh .nhà đất ngọc ngân",accepted,119747,2025-06-01 23:05:00+00:00,2025-06-01 12:16:37.586916,1020,13000,13107,9231,sell,3680000000,83070165.0,44.2999,3.0,8,7.5,2,44.2999,,,,1.0,10,https://cdn.chotot.com/kkbUvbvl3rf-UAAxJD5w4RFnlZvP0PXx8xa3cQM_kOc/preset:listing/plain/5dd904a4db67bcf8778f8cf4b015897c-2933923348034722930.jpg
168006550,"Đất 134m2 ngang 5m Hẻm xe hơi Vĩnh Khê, An Đồng 2,75 tỷ đồng","Cần bán mảnh đất đẹp 134m2 ngang 5m dài 26,8m, thổ cư full tại thôn Vĩnh Khê, An Đồng, An Dương, Hải Phòng .
Hẻm xe hơi rộng 4m, cách mặt tiền đường thôn chỉ hơn 100m, gần đường Máng và chung cư Hoàng Huy An Đồng. 
Xung quanh nhiều tiện ích, khu nhà ở dân đã xây kín, an ninh an toàn, hàng xóm thân thiện.
Đất đã có sổ đỏ riêng, mua bán sang tên ngay.
Giá bán 20,5 triệu đồng/1m2 tầm 2,75 tỷ, có thương lượng
Mong gặp khách có nhu cầu",accepted,28740,2025-06-01 23:05:00+00:00,2025-06-02 19:16:46.267583,1040,4019,401909,3986,sell,2750000000,20522388.0,134.0,3.0,5,26.7999,,,,,,1.0,10,https://cdn.chotot.com/_FczGExheXmt4ETLSC0WD-PVvZYsxSKY15hJk5SzN4c/preset:listing/plain/d79c766a9c5e224fb688c93e7f6c5566-2934110787336065443.jpg
168006899,"Đất 152m2 ngang 10m chia hai lô Bạch Mai, Đồng Thái 3,34 tỷ","Cần bán mảnh đất đẹp 152m2 ngang 10m dài 15,2m, full thổ cư tại thôn Bạch Mai, xã Đồng Thái, huyện An Dương, Hải Phòng .
Hẻm xe hơi rộng 5m, cách mặt tiền đường thôn chỉ hơn 100m, gần đường An Kim Hải và gần khu chung cư Hoàng Huy An Đồng. 
Xung quanh nhiều tiện ích, khu nhà ở dân đã xây kín, an ninh an toàn, hàng xóm thân thiện.
Đất đã có sổ đỏ riêng, mua bán sang tên ngay.
Đặc biệt ngang rộng 10m nên có thể tách được hai lô hoặc xây biệt thự đẹp luôn.
Giá bán 22 triệu đồng/1m2 tầm 3,34 tỷ đồng, 
Giá có thương lượng Mong gặp khách có nhu cầu",accepted,28740,2025-06-01 23:05:00+00:00,2025-06-02 19:34:15.030285,1040,4019,401909,3984,sell,3340000000,21973684.0,152.0,3.0,10,15.1999,,,,,,1.0,10,https://cdn.chotot.com/sEcJsNabDfoFRM8FVRgGJPPUqGcKdQvlMljvTQ8HUKk/preset:listing/plain/aacd17aeeca01bb063b3a92fcc12bb64-2934112547755381155.jpg
168007013,"Đất thổ cư 123m2 Bạch Mai, Đồng Thái, An Dương 2,62 tỷ","Cần bán mảnh đất đẹp 123m2 ngang 6m dài 20,5m thổ cư full tại thôn Bạch Mai, An Đồng, An Dương, Hải Phòng .
Hẻm xe hơi rộng hơn 5m gần đường An Kim Hải, gần đường Máng và chung cư Hoàng Huy An Đồng. 
Xung quanh nhiều tiện ích, khu nhà ở dân đã xây kín, an ninh an toàn, hàng xóm thân thiện.
Đất đã có sổ đỏ riêng, mua bán sang tên ngay.
Giá bán 2,62 tỷ đồng, có thương lượng.
Mong gặp khách thiện chí và có nhu cầu",accepted,28740,2025-06-01 23:05:00+00:00,2025-06-02 19:40:55.046946,1040,4019,401909,3984,sell,2620000000,21300813.0,123.0,3.0,6,20.5,,,,bc1a53ac256a44e92d6047b4b97c4964,,1.0,10,https://cdn.chotot.com/s0IGlzrNS2COwF9LaGRYM70SPzAFrOGR4DQWC09O8n8/preset:listing/plain/31eaffe5cde3af343d6c03a3fcbded94-2934113154504369155.jpg
168007238,"Đất thổ cư 122m2 MT đường 10m Bạch Mai, Đồng Thái 2,8 tỷ","Cần bán mảnh đất đẹp 122m2 ngang 5m dài 20,4m, full thổ cư tại thôn Bạch Mai, xã Đồng Thái, An Dương, Hải Phòng.
Đất thuộc khu phân lô, Đường trước đất rộng 10m, cả vỉa hè. Khu vực đang xây dựng mạnh, dân cư về ở ngày một đông đúc, gần Đường An Kim Hải, gần chợ An Đồng, gần chùa Bụt Mọc, cách PG An Đồng chỉ hơn 1km. 
Xung quanh nhiều tiện ích, khu nhà ở dân đã xây kín, an ninh an toàn, hàng xóm thân thiện.
Đất đã có sổ đỏ riêng, mua bán sang tên ngay.
Giá bán 23 triệu đồng/1m2 tầm 2,8 tỷ đồng, có thương lượng.",accepted,28740,2025-06-01 23:05:00+00:00,2025-06-02 19:51:34.067994,1040,4019,401909,3984,sell,2800000000,22950820.0,122.0,3.0,5,20.3999,,,,,,1.0,10,https://cdn.chotot.com/f2jez-WpItFGDUeF1x3G2OhoHzv-E0pxEmskBFfTAdA/preset:listing/plain/5f38da9b0ef9419e658284ddb061753f-2934114254169216889.jpg
