ad_id,date,adview_count
167860058.0,2025-05-29,18.0
167860058.0,2025-05-30,14.0
167364080.0,2025-05-10,13.0
167364080.0,2025-05-25,17.0
167248274.0,2025-05-10,
167560953.0,2025-05-20,
167248274.0,2025-05-15,
167306757.0,2025-05-15,
167396091.0,2025-05-14,
167549474.0,2025-05-20,
167471842.0,2025-06-02,
167818167.0,2025-05-26,18.0
167735938.0,2025-05-26,
167396091.0,2025-05-29,
167355510.0,2025-05-18,
167265221.0,2025-05-15,
167248274.0,2025-05-08,
167248274.0,2025-05-19,
167549474.0,2025-05-24,
167306519.0,2025-06-02,
167265221.0,2025-05-12,
167507567.0,2025-05-20,
167160324.0,2025-05-16,
167423492.0,2025-05-31,
167419995.0,2025-05-17,
167429492.0,2025-05-15,
167466023.0,2025-05-22,
167160324.0,2025-05-30,
167421578.0,2025-05-23,
167306519.0,2025-05-10,
167355510.0,2025-05-14,
167699811.0,2025-06-01,
167271773.0,2025-05-17,
167699811.0,2025-05-30,
167946848.0,2025-06-02,
167160324.0,2025-06-02,
167435724.0,2025-06-03,
167421578.0,2025-05-16,
167355510.0,2025-05-30,
167517469.0,2025-05-20,
167306519.0,2025-05-15,
167412454.0,2025-06-02,
167412330.0,2025-05-15,
167471842.0,2025-05-14,
167717589.0,2025-05-30,
167160324.0,2025-05-10,
167412454.0,2025-05-30,
167241716.0,2025-05-08,
167355510.0,2025-05-21,
167873129.0,2025-06-03,
167333192.0,2025-05-14,
167859493.0,2025-06-01,
167688649.0,2025-05-31,
167333192.0,2025-05-21,
167466023.0,2025-06-01,
167466023.0,2025-05-16,
167521340.0,2025-05-18,
167412330.0,2025-05-21,
167292729.0,2025-05-26,
167412454.0,2025-05-17,
167424227.0,2025-05-17,
167419995.0,2025-06-03,
167423957.0,2025-05-17,
167277953.0,2025-05-13,
167426382.0,2025-05-21,
167241716.0,2025-05-30,
167043362.0,2025-05-17,
167699811.0,2025-05-23,
167355510.0,2025-05-22,
167842804.0,2025-06-02,
167396091.0,2025-05-21,
167735938.0,2025-06-01,
167277953.0,2025-05-17,
167271773.0,2025-05-31,
167373730.0,2025-05-18,
167396091.0,2025-06-01,
167306757.0,2025-06-04,
167699811.0,2025-06-02,
167412454.0,2025-06-01,
167614811.0,2025-06-01,
167717589.0,2025-06-03,
167423492.0,2025-05-14,
167292320.0,2025-06-01,
167466023.0,2025-06-03,
167705273.0,2025-05-27,
167396091.0,2025-05-27,
167507567.0,2025-05-26,
167735938.0,2025-05-27,
167428907.0,2025-05-22,
167248274.0,2025-06-01,
167614811.0,2025-05-21,
167306757.0,2025-05-16,
167429492.0,2025-06-01,
167428907.0,2025-05-30,
167402764.0,2025-05-17,
167491713.0,2025-05-16,
167881257.0,2025-06-01,
167248274.0,2025-05-12,
167373730.0,2025-05-16,
167277953.0,2025-05-10,
167905920.0,2025-06-02,
167549474.0,2025-05-22,
167412330.0,2025-05-18,
167891184.0,2025-05-30,
167277953.0,2025-05-15,
167629832.0,2025-05-23,
167614811.0,2025-05-27,
167248274.0,2025-05-14,
167292729.0,2025-05-20,
167423492.0,2025-05-26,
167424227.0,2025-06-02,
167248274.0,2025-05-13,
167421578.0,2025-05-31,
167043362.0,2025-06-02,
167906269.0,2025-06-02,
167412330.0,2025-05-11,
167423957.0,2025-06-04,
167699811.0,2025-05-28,
167859493.0,2025-05-30,
167248274.0,2025-05-20,
167420005.0,2025-05-24,
167271773.0,2025-05-11,
167818340.0,2025-06-01,
167906096.0,2025-06-04,
167424227.0,2025-05-25,
167435724.0,2025-06-04,
167421578.0,2025-05-24,
167471842.0,2025-05-31,
167419995.0,2025-05-16,
167292729.0,2025-06-01,
167333192.0,2025-05-17,
167507567.0,2025-05-24,
167421578.0,2025-06-02,
167471842.0,2025-05-29,
167629832.0,2025-06-04,
167705273.0,2025-05-31,
167435724.0,2025-05-26,
167705273.0,2025-05-25,
167560953.0,2025-05-21,
167521340.0,2025-06-04,
167818340.0,2025-06-04,
167423492.0,2025-05-18,
167507567.0,2025-05-23,
168007238.0,2025-06-04,
167517469.0,2025-06-04,
167442216.0,2025-05-17,
167306757.0,2025-05-21,
167873129.0,2025-06-04,
167614811.0,2025-05-23,
167292320.0,2025-05-14,
167426382.0,2025-05-16,
167442216.0,2025-05-16,
167424227.0,2025-05-16,
167491713.0,2025-06-03,
167688649.0,2025-06-03,
167248274.0,2025-06-02,
167507567.0,2025-05-27,
167373730.0,2025-05-17,
167507567.0,2025-05-19,
167905920.0,2025-06-03,
167160324.0,2025-05-04,
167355510.0,2025-05-23,
167875190.0,2025-06-04,
167422175.0,2025-06-04,
167248274.0,2025-05-30,
167818340.0,2025-05-29,
167717589.0,2025-05-27,
167819883.0,2025-05-29,
167423492.0,2025-06-04,
167560953.0,2025-06-01,
167971767.0,2025-06-03,
167841197.0,2025-06-04,
167491713.0,2025-05-23,
167419995.0,2025-06-01,
167905722.0,2025-06-04,
167843227.0,2025-06-04,
167910477.0,2025-06-04,
167491713.0,2025-06-04,
167306757.0,2025-05-19,
167426382.0,2025-05-28,
167521340.0,2025-05-28,
167248274.0,2025-06-03,
167819883.0,2025-06-01,
167043362.0,2025-05-14,
167565509.0,2025-05-31,1.0
167504217.0,2025-06-02,1.0
167373730.0,2025-06-04,
167491713.0,2025-05-19,
167819883.0,2025-06-03,
167306757.0,2025-05-28,
167517469.0,2025-06-02,1.0
167412454.0,2025-05-27,1.0
167412330.0,2025-05-23,1.0
167428907.0,2025-05-31,
167421578.0,2025-06-04,
167355510.0,2025-05-19,
167412330.0,2025-05-22,1.0
167423492.0,2025-05-24,
167277953.0,2025-05-16,1.0
167422175.0,2025-05-30,1.0
167614811.0,2025-06-02,
167699811.0,2025-06-04,
167241716.0,2025-05-16,
167292320.0,2025-05-16,
167292729.0,2025-05-19,
167521340.0,2025-05-17,1.0
167420005.0,2025-06-03,1.0
167306757.0,2025-05-11,
167858857.0,2025-05-30,1.0
167043362.0,2025-05-30,1.0
167373730.0,2025-05-14,
167851093.0,2025-06-04,
167429492.0,2025-05-16,1.0
167396091.0,2025-05-15,1.0
167422175.0,2025-05-23,1.0
167248274.0,2025-05-09,1.0
167306519.0,2025-05-14,1.0
167422175.0,2025-05-24,
167412454.0,2025-05-22,1.0
167858383.0,2025-05-29,1.0
167517469.0,2025-05-31,1.0
167423957.0,2025-05-19,1.0
167818167.0,2025-05-29,1.0
167891184.0,2025-05-31,
167396091.0,2025-06-03,1.0
167705273.0,2025-05-30,1.0
167507567.0,2025-06-02,1.0
167424227.0,2025-05-23,1.0
167699811.0,2025-05-31,1.0
167549474.0,2025-05-18,1.0
167422175.0,2025-05-25,1.0
167861075.0,2025-06-04,
167373730.0,2025-05-19,1.0
167271773.0,2025-05-28,1.0
167422175.0,2025-05-14,1.0
167435724.0,2025-06-01,1.0
167292320.0,2025-05-09,1.0
167699811.0,2025-05-27,1.0
167435724.0,2025-05-25,1.0
167875190.0,2025-06-03,1.0
167517469.0,2025-05-21,1.0
167412330.0,2025-05-28,1.0
167429492.0,2025-05-22,1.0
167419995.0,2025-05-31,1.0
167429492.0,2025-05-29,1.0
167421578.0,2025-05-28,1.0
167429492.0,2025-06-02,1.0
167425042.0,2025-05-16,1.0
167306757.0,2025-05-08,1.0
167423957.0,2025-05-29,1.0
167412330.0,2025-05-19,1.0
167859493.0,2025-06-03,1.0
167471842.0,2025-05-28,1.0
167859493.0,2025-05-31,2.0
167419995.0,2025-05-15,2.0
167435724.0,2025-05-14,1.0
167890996.0,2025-06-02,1.0
167507567.0,2025-05-16,1.0
167910477.0,2025-06-01,1.0
167306757.0,2025-05-12,1.0
167265221.0,2025-05-28,2.0
167043362.0,2025-05-10,2.0
167471842.0,2025-05-19,1.0
167549474.0,2025-05-27,1.0
167241716.0,2025-05-14,1.0
167373730.0,2025-05-12,1.0
167292320.0,2025-05-11,1.0
167688649.0,2025-05-28,1.0
167306757.0,2025-05-27,2.0
167241716.0,2025-05-11,2.0
167423492.0,2025-05-22,1.0
167442216.0,2025-05-30,1.0
167412454.0,2025-05-19,1.0
167851093.0,2025-05-30,1.0
167521340.0,2025-05-26,1.0
167428798.0,2025-06-02,1.0
167277953.0,2025-05-29,2.0
167412454.0,2025-05-28,1.0
167355510.0,2025-06-01,1.0
167910477.0,2025-05-29,2.0
167412330.0,2025-05-25,2.0
167916181.0,2025-06-01,1.0
167423957.0,2025-05-28,2.0
167471842.0,2025-06-03,1.0
167428798.0,2025-05-28,1.0
167396091.0,2025-05-20,1.0
167560953.0,2025-05-25,1.0
167428798.0,2025-05-19,2.0
167428798.0,2025-05-14,2.0
167424227.0,2025-05-12,3.0
167717589.0,2025-05-29,1.0
167810127.0,2025-05-29,2.0
167428798.0,2025-05-15,2.0
167271773.0,2025-05-27,1.0
167429492.0,2025-05-26,3.0
167424227.0,2025-05-30,3.0
167890996.0,2025-06-01,3.0
167423492.0,2025-05-12,3.0
167333192.0,2025-05-26,1.0
167688649.0,2025-05-26,1.0
167442216.0,2025-05-24,1.0
167565509.0,2025-05-25,1.0
167905722.0,2025-05-30,3.0
167916181.0,2025-06-02,2.0
167396091.0,2025-05-22,3.0
167843227.0,2025-05-31,3.0
167565509.0,2025-05-23,2.0
167429492.0,2025-05-25,2.0
167429492.0,2025-05-20,2.0
167840351.0,2025-05-27,2.0
167292320.0,2025-05-28,3.0
167364080.0,2025-05-29,3.0
167466023.0,2025-05-17,2.0
167428798.0,2025-05-27,2.0
167306757.0,2025-05-25,2.0
167901874.0,2025-06-01,2.0
167424227.0,2025-05-22,2.0
167271773.0,2025-05-06,3.0
167521340.0,2025-06-02,2.0
167292320.0,2025-05-26,2.0
167402764.0,2025-05-22,3.0
167412330.0,2025-05-12,4.0
167842804.0,2025-06-01,4.0
168006899.0,2025-06-02,4.0
167306519.0,2025-05-22,2.0
167265221.0,2025-05-09,3.0
167355510.0,2025-05-09,3.0
167306519.0,2025-05-11,2.0
167292320.0,2025-05-25,2.0
167860058.0,2025-06-02,5.0
167435724.0,2025-05-22,3.0
167428907.0,2025-05-16,2.0
167629832.0,2025-05-31,3.0
167521340.0,2025-05-16,2.0
167565509.0,2025-05-22,3.0
167905722.0,2025-05-29,3.0
167560953.0,2025-05-29,4.0
167043362.0,2025-05-06,5.0
167861075.0,2025-05-28,6.0
167373730.0,2025-05-20,7.0
167843227.0,2025-06-02,3.0
167424227.0,2025-05-14,3.0
167565509.0,2025-05-27,2.0
167425042.0,2025-05-15,3.0
167875190.0,2025-05-28,7.0
167891184.0,2025-05-29,4.0
167507567.0,2025-05-15,4.0
167241716.0,2025-05-07,3.0
167428798.0,2025-05-17,3.0
167429492.0,2025-05-12,8.0
167306757.0,2025-05-23,4.0
167629832.0,2025-05-25,3.0
167364080.0,2025-05-19,3.0
167442216.0,2025-05-13,4.0
167688649.0,2025-05-22,4.0
167560953.0,2025-06-03,5.0
167823981.0,2025-06-01,12.0
167629832.0,2025-05-28,3.0
167810127.0,2025-05-26,4.0
167277953.0,2025-05-08,4.0
167277953.0,2025-05-22,5.0
167420005.0,2025-05-17,6.0
167420005.0,2025-05-19,6.0
167818167.0,2025-05-27,6.0
167241716.0,2025-05-24,19.0
167504217.0,2025-05-30,5.0
167845272.0,2025-05-27,5.0
167420005.0,2025-06-02,4.0
167471842.0,2025-05-20,14.0
167861075.0,2025-05-29,5.0
167402764.0,2025-06-01,7.0
167858383.0,2025-05-28,5.0
167277953.0,2025-05-07,5.0
167565509.0,2025-05-21,5.0
168006550.0,2025-06-02,7.0
167823981.0,2025-05-30,9.0
167873703.0,2025-05-30,10.0
167504217.0,2025-05-29,10.0
167364080.0,2025-05-12,18.0
167420005.0,2025-05-16,10.0
167521340.0,2025-05-15,6.0
167858857.0,2025-05-28,7.0
167843227.0,2025-05-28,7.0
167402764.0,2025-05-11,8.0
167843227.0,2025-05-29,10.0
167160324.0,2025-05-01,10.0
167927374.0,2025-05-30,11.0
167277953.0,2025-05-20,
167873129.0,2025-05-28,11.0
167160324.0,2025-05-24,10.0
167873703.0,2025-05-28,10.0
167364080.0,2025-05-26,13.0
167373730.0,2025-06-03,
167160324.0,2025-06-01,
167364080.0,2025-05-09,12.0
167860058.0,2025-05-28,37.0
167428798.0,2025-05-12,11.0
167841197.0,2025-05-27,29.0
167491713.0,2025-05-21,
167306519.0,2025-05-18,
167412330.0,2025-05-26,
167521340.0,2025-06-03,
167906096.0,2025-06-03,
167819883.0,2025-05-30,
167043362.0,2025-06-03,
167429492.0,2025-05-27,
167819883.0,2025-05-28,
167292729.0,2025-06-02,
167423957.0,2025-05-25,
167241716.0,2025-05-28,
167248274.0,2025-05-17,
167425042.0,2025-05-23,
167306757.0,2025-06-03,
167241716.0,2025-05-15,
167277953.0,2025-05-18,
167248274.0,2025-05-28,
167428907.0,2025-05-20,
167412330.0,2025-05-31,
167419995.0,2025-05-18,
167858383.0,2025-06-01,
167818340.0,2025-05-30,
167818167.0,2025-06-02,
167306519.0,2025-05-31,
167265221.0,2025-05-21,
167412330.0,2025-05-29,
167248274.0,2025-05-31,
167419995.0,2025-05-28,
167412330.0,2025-05-17,
167875190.0,2025-05-30,
167521340.0,2025-05-21,
167412330.0,2025-05-20,
167306757.0,2025-05-18,
167425042.0,2025-05-18,
167043362.0,2025-05-15,
167818340.0,2025-05-31,
167435724.0,2025-05-27,
167412454.0,2025-05-29,
167629832.0,2025-05-29,
167292729.0,2025-05-27,
167507567.0,2025-05-21,
167271773.0,2025-05-30,
167160324.0,2025-05-31,
167265221.0,2025-05-18,
167421578.0,2025-06-03,
167241716.0,2025-05-19,
167841362.0,2025-06-04,
167265221.0,2025-06-01,
167306757.0,2025-05-29,
167248274.0,2025-05-11,
167419995.0,2025-05-29,
167423957.0,2025-06-03,
167412454.0,2025-05-26,
167422175.0,2025-05-19,
167241716.0,2025-05-17,
167699811.0,2025-05-24,
167507567.0,2025-05-17,
167521340.0,2025-05-30,
167412454.0,2025-05-20,
167306757.0,2025-05-17,
167271773.0,2025-06-03,
167901874.0,2025-06-04,
167043362.0,2025-06-01,
167396091.0,2025-05-25,
167412454.0,2025-05-18,
167292320.0,2025-05-21,
167423492.0,2025-05-30,
167423957.0,2025-05-23,
167412454.0,2025-05-21,
167292320.0,2025-05-17,
167248274.0,2025-05-07,
167429492.0,2025-05-28,
167412330.0,2025-05-16,
167717589.0,2025-05-31,
167271773.0,2025-05-10,
167292320.0,2025-05-19,
167859493.0,2025-06-04,
167763101.0,2025-06-03,
167333192.0,2025-05-18,
167943717.0,2025-06-04,
167735938.0,2025-05-30,
167818167.0,2025-05-30,
167396091.0,2025-05-17,
167043362.0,2025-05-16,
167333192.0,2025-05-27,
167396091.0,2025-05-24,
167292729.0,2025-05-30,
167426382.0,2025-05-31,
167426382.0,2025-05-14,
167396091.0,2025-05-16,
167916181.0,2025-06-04,
167614811.0,2025-05-31,
167423957.0,2025-05-24,
167160324.0,2025-05-11,
167699811.0,2025-05-29,
167306757.0,2025-06-02,
167491713.0,2025-06-01,
167435724.0,2025-05-15,
167160324.0,2025-05-26,
167160324.0,2025-05-05,
167466023.0,2025-05-26,
167306757.0,2025-05-22,
167292729.0,2025-05-21,
167396091.0,2025-06-04,
167858383.0,2025-05-30,
167428907.0,2025-05-29,
167355510.0,2025-06-03,
167271773.0,2025-06-04,
167549474.0,2025-05-25,
167277953.0,2025-05-14,
167241716.0,2025-06-01,
167840351.0,2025-05-29,
167614811.0,2025-05-28,
167421578.0,2025-05-19,
167717589.0,2025-06-04,
167842804.0,2025-06-04,
167043362.0,2025-05-20,
167425042.0,2025-06-03,
168007013.0,2025-06-04,
167425042.0,2025-05-26,
167271773.0,2025-05-19,
167426382.0,2025-05-17,
167927374.0,2025-06-01,
167355510.0,2025-05-12,1.0
167423492.0,2025-05-20,
167425042.0,2025-05-20,
167891184.0,2025-06-03,
167423957.0,2025-05-26,
167292320.0,2025-05-29,
167306757.0,2025-05-10,
167840351.0,2025-05-28,1.0
167160324.0,2025-05-06,1.0
167043362.0,2025-05-05,1.0
167423492.0,2025-06-03,
167425042.0,2025-05-24,
167421578.0,2025-05-14,1.0
168006550.0,2025-06-04,
167292729.0,2025-06-04,
167818167.0,2025-06-03,
167428907.0,2025-06-04,
167565509.0,2025-06-04,
167420005.0,2025-06-01,
167614811.0,2025-06-03,
167549474.0,2025-05-29,
167507567.0,2025-06-03,1.0
167549474.0,2025-05-31,
167043362.0,2025-05-08,1.0
167306519.0,2025-06-01,
167271773.0,2025-05-08,1.0
167521340.0,2025-05-29,
167905722.0,2025-06-03,
167735938.0,2025-05-28,
167265221.0,2025-05-16,1.0
167845272.0,2025-05-29,1.0
167629832.0,2025-06-03,
167507567.0,2025-05-28,1.0
167422175.0,2025-05-26,
167419995.0,2025-05-23,1.0
167845272.0,2025-06-04,
167927374.0,2025-06-04,
167420005.0,2025-06-04,
167423957.0,2025-05-16,1.0
167429492.0,2025-06-04,
167705273.0,2025-06-01,
167705273.0,2025-06-04,
167241716.0,2025-05-09,2.0
167355510.0,2025-05-15,1.0
167875190.0,2025-05-31,
167306519.0,2025-05-30,1.0
167858383.0,2025-06-04,
167971767.0,2025-06-04,
167946848.0,2025-06-04,
167717589.0,2025-05-24,1.0
167819883.0,2025-06-04,
167277953.0,2025-05-12,2.0
167420005.0,2025-05-26,2.0
167421578.0,2025-05-21,
167861075.0,2025-06-03,
167717589.0,2025-06-02,
167265221.0,2025-05-11,1.0
167425042.0,2025-06-01,1.0
167491713.0,2025-05-17,1.0
167428907.0,2025-06-01,1.0
167818167.0,2025-05-31,1.0
167043362.0,2025-05-09,1.0
167426382.0,2025-06-01,2.0
167271773.0,2025-06-01,1.0
167306519.0,2025-05-16,1.0
167471842.0,2025-05-18,1.0
167858857.0,2025-06-01,1.0
167396091.0,2025-05-26,1.0
167043362.0,2025-05-13,1.0
167423957.0,2025-05-13,1.0
167841197.0,2025-06-03,2.0
167763101.0,2025-05-29,1.0
167841362.0,2025-05-29,1.0
167565509.0,2025-05-24,1.0
167271773.0,2025-06-02,2.0
167435724.0,2025-06-02,1.0
167160324.0,2025-05-27,3.0
167504217.0,2025-06-01,1.0
167840351.0,2025-06-01,1.0
167271773.0,2025-05-29,2.0
167402764.0,2025-05-15,2.0
167428798.0,2025-05-30,1.0
167901874.0,2025-06-03,1.0
167241716.0,2025-05-31,1.0
167160324.0,2025-05-08,1.0
167428798.0,2025-05-21,1.0
167845272.0,2025-05-30,2.0
167429492.0,2025-06-03,3.0
167549474.0,2025-05-21,1.0
167425042.0,2025-06-02,1.0
167810127.0,2025-05-31,2.0
167549474.0,2025-05-23,1.0
167471842.0,2025-05-15,1.0
167292320.0,2025-05-10,1.0
167355510.0,2025-05-11,2.0
167946848.0,2025-06-03,1.0
167699811.0,2025-05-26,1.0
167373730.0,2025-05-15,1.0
167373730.0,2025-05-23,1.0
167241716.0,2025-05-27,1.0
167420005.0,2025-05-23,2.0
167426382.0,2025-06-02,3.0
167265221.0,2025-05-07,1.0
167845272.0,2025-05-31,1.0
167549474.0,2025-05-17,1.0
167841197.0,2025-06-02,5.0
167277953.0,2025-05-06,2.0
167466023.0,2025-05-27,1.0
167419995.0,2025-05-21,1.0
167333192.0,2025-05-13,1.0
167629832.0,2025-05-26,1.0
167428798.0,2025-05-22,2.0
167306757.0,2025-05-24,6.0
167881257.0,2025-05-29,6.0
167373730.0,2025-05-27,2.0
167420005.0,2025-05-29,4.0
167819883.0,2025-05-26,4.0
167426382.0,2025-05-27,1.0
167423492.0,2025-05-25,1.0
167943717.0,2025-05-31,4.0
167841362.0,2025-05-31,7.0
167333192.0,2025-05-10,2.0
167873129.0,2025-05-31,2.0
167491713.0,2025-05-15,2.0
167504217.0,2025-05-18,2.0
168007013.0,2025-06-02,4.0
167629832.0,2025-05-24,2.0
167466023.0,2025-05-31,2.0
167466023.0,2025-05-14,2.0
167420005.0,2025-05-28,4.0
167906096.0,2025-05-29,4.0
167435724.0,2025-05-13,1.0
167402764.0,2025-05-25,2.0
167881257.0,2025-06-03,2.0
167373730.0,2025-05-30,2.0
167396091.0,2025-05-23,2.0
167265221.0,2025-05-06,5.0
167916181.0,2025-05-30,5.0
167517469.0,2025-05-18,2.0
167517469.0,2025-05-17,2.0
167442216.0,2025-05-12,2.0
167873703.0,2025-05-29,12.0
167423492.0,2025-06-02,2.0
167873129.0,2025-06-02,2.0
167428907.0,2025-05-18,2.0
167419995.0,2025-05-22,2.0
167426382.0,2025-05-26,3.0
167277953.0,2025-05-25,3.0
167428798.0,2025-06-03,3.0
167271773.0,2025-05-07,3.0
167891184.0,2025-06-01,2.0
167466023.0,2025-05-19,2.0
167435724.0,2025-05-20,3.0
167859493.0,2025-05-28,3.0
167549474.0,2025-05-28,2.0
167422175.0,2025-05-29,2.0
167910477.0,2025-05-30,7.0
167265221.0,2025-05-30,3.0
167517469.0,2025-05-25,2.0
167565509.0,2025-05-18,2.0
167614811.0,2025-05-20,2.0
167265221.0,2025-05-27,4.0
167364080.0,2025-05-16,2.0
167881257.0,2025-05-30,2.0
167851093.0,2025-05-27,7.0
167471842.0,2025-06-01,2.0
167420005.0,2025-05-20,4.0
167943717.0,2025-06-01,2.0
167858857.0,2025-05-29,2.0
167426382.0,2025-05-13,3.0
167412454.0,2025-05-13,2.0
167292729.0,2025-05-07,3.0
167428798.0,2025-05-18,4.0
167908820.0,2025-06-02,4.0
167908820.0,2025-06-01,4.0
167424227.0,2025-05-29,3.0
167428907.0,2025-05-26,3.0
167423492.0,2025-05-27,3.0
167373730.0,2025-05-11,4.0
167763101.0,2025-05-26,3.0
167565509.0,2025-05-19,3.0
167425042.0,2025-05-29,3.0
167277953.0,2025-05-30,3.0
167396091.0,2025-05-19,6.0
167823981.0,2025-05-29,11.0
167425042.0,2025-05-27,3.0
167426382.0,2025-05-12,4.0
167423957.0,2025-05-27,4.0
167402764.0,2025-05-12,7.0
167842804.0,2025-05-29,7.0
167565509.0,2025-05-20,4.0
167504217.0,2025-05-16,6.0
167717589.0,2025-05-22,5.0
167428907.0,2025-05-25,8.0
167906269.0,2025-05-29,5.0
167517469.0,2025-05-29,4.0
167841362.0,2025-05-27,5.0
167364080.0,2025-05-15,9.0
167916181.0,2025-06-03,4.0
167422175.0,2025-05-27,4.0
167435724.0,2025-05-12,5.0
167306519.0,2025-05-07,9.0
167306519.0,2025-05-13,5.0
168006550.0,2025-06-03,5.0
167241716.0,2025-05-05,7.0
167845272.0,2025-06-02,5.0
167271773.0,2025-05-23,6.0
167364080.0,2025-05-24,6.0
167521340.0,2025-05-31,12.0
167364080.0,2025-05-17,9.0
167908820.0,2025-05-31,19.0
167843227.0,2025-05-27,8.0
167420005.0,2025-05-30,7.0
167466023.0,2025-05-21,
167292729.0,2025-05-11,
167507567.0,2025-06-01,8.0
167160324.0,2025-06-03,
167364080.0,2025-05-20,10.0
167306519.0,2025-05-25,12.0
167292320.0,2025-05-13,
167333192.0,2025-05-15,
167560953.0,2025-06-02,10.0
167160324.0,2025-05-12,
167364080.0,2025-05-11,9.0
168006899.0,2025-06-03,10.0
167471842.0,2025-05-17,15.0
167248274.0,2025-05-29,
167823981.0,2025-06-02,16.0
167629832.0,2025-06-02,
167419995.0,2025-05-20,
167908820.0,2025-05-30,13.0
167423957.0,2025-05-20,
167426382.0,2025-05-22,
167306519.0,2025-06-03,15.0
168007238.0,2025-06-03,13.0
167306519.0,2025-05-20,17.0
167943717.0,2025-06-03,
167402764.0,2025-05-14,
167422175.0,2025-05-17,
167412330.0,2025-05-24,
167422175.0,2025-05-15,
167333192.0,2025-05-11,
167421578.0,2025-05-20,
167425042.0,2025-05-21,
168007013.0,2025-06-03,14.0
167491713.0,2025-05-22,
167735938.0,2025-05-24,
167549474.0,2025-06-03,
167429492.0,2025-05-31,
167560953.0,2025-05-24,
167705273.0,2025-06-02,
167906096.0,2025-06-02,
167160324.0,2025-05-15,
167688649.0,2025-05-29,
167905920.0,2025-05-31,
167507567.0,2025-05-30,
167422175.0,2025-06-01,
167292729.0,2025-05-16,
167705273.0,2025-05-28,
167412454.0,2025-06-03,
167819883.0,2025-06-02,
167241716.0,2025-05-20,
167160324.0,2025-05-13,
167265221.0,2025-06-04,
167763101.0,2025-06-02,
167421578.0,2025-05-22,
167735938.0,2025-05-25,
167861075.0,2025-05-31,
167306757.0,2025-05-20,
167396091.0,2025-05-13,
167265221.0,2025-05-31,
167425042.0,2025-05-30,
167412454.0,2025-05-23,
167629832.0,2025-05-19,
167333192.0,2025-05-16,
167412330.0,2025-06-03,
167271773.0,2025-05-16,
167423957.0,2025-05-30,
167507567.0,2025-05-22,
167292729.0,2025-05-18,
167429492.0,2025-05-30,
167699811.0,2025-05-25,
167435724.0,2025-05-23,
167160324.0,2025-05-14,
167424227.0,2025-05-20,
167422175.0,2025-05-16,
167265221.0,2025-05-17,
167306757.0,2025-05-30,
167810127.0,2025-05-28,
167402764.0,2025-05-26,
167420005.0,2025-05-21,
167560953.0,2025-05-23,
167355510.0,2025-05-24,
167292320.0,2025-05-22,
167241716.0,2025-05-29,
167549474.0,2025-05-30,
167271773.0,2025-05-21,
167271773.0,2025-05-26,
167901874.0,2025-06-02,
167421578.0,2025-06-01,
167859493.0,2025-05-29,
167333192.0,2025-05-23,
167688649.0,2025-06-01,
167277953.0,2025-06-04,
167614811.0,2025-05-22,
167906096.0,2025-06-01,
167271773.0,2025-05-14,
167292729.0,2025-05-31,
167873129.0,2025-05-30,
167471842.0,2025-05-30,
167277953.0,2025-05-11,
167292320.0,2025-05-31,
167412330.0,2025-06-02,
167521340.0,2025-05-25,
167471842.0,2025-05-22,
167160324.0,2025-06-04,
167396091.0,2025-05-31,
167735938.0,2025-06-02,
167614811.0,2025-05-30,
167043362.0,2025-05-19,
167906096.0,2025-05-31,
167507567.0,2025-05-29,
167306757.0,2025-05-14,
167810127.0,2025-06-03,
167735938.0,2025-05-29,
167699811.0,2025-06-03,
167421578.0,2025-05-15,
167292729.0,2025-05-14,
167549474.0,2025-06-01,
167160324.0,2025-05-28,
167504217.0,2025-05-20,
167466023.0,2025-05-24,
167435724.0,2025-05-18,
167860058.0,2025-06-04,
167421578.0,2025-05-27,
167333192.0,2025-06-02,
167763101.0,2025-06-01,
167688649.0,2025-06-02,
167248274.0,2025-05-06,
167402764.0,2025-05-19,
167906269.0,2025-06-04,
167292729.0,2025-05-17,
167471842.0,2025-06-04,
167823981.0,2025-06-04,
167419995.0,2025-06-04,
167425042.0,2025-05-22,
167160324.0,2025-05-25,
167717589.0,2025-05-28,
167412330.0,2025-05-13,
167248274.0,2025-05-18,
167504217.0,2025-05-24,
167355510.0,2025-06-04,
167842804.0,2025-05-31,
167402764.0,2025-05-24,
167504217.0,2025-05-21,
167333192.0,2025-05-19,
167549474.0,2025-06-02,
167705273.0,2025-05-29,
167412454.0,2025-05-24,
167466023.0,2025-06-04,
167271773.0,2025-05-13,
167910477.0,2025-06-02,
167906269.0,2025-06-01,
167412330.0,2025-06-01,1.0
167946848.0,2025-06-01,1.0
167420005.0,2025-05-31,1.0
167396091.0,2025-05-28,
167873129.0,2025-06-01,
167908820.0,2025-06-04,
167333192.0,2025-05-29,
167292320.0,2025-06-03,
167491713.0,2025-06-02,
167735938.0,2025-05-31,
167435724.0,2025-05-19,
167423957.0,2025-05-18,
167241716.0,2025-05-26,1.0
167292729.0,2025-05-28,
167421578.0,2025-05-26,
167859493.0,2025-06-02,
167426382.0,2025-06-04,
167614811.0,2025-05-26,1.0
167248274.0,2025-05-16,
167735938.0,2025-06-04,
167396091.0,2025-05-30,
167412330.0,2025-05-30,1.0
167442216.0,2025-05-29,
167442216.0,2025-05-22,1.0
167840351.0,2025-05-31,
167292729.0,2025-05-08,1.0
167442216.0,2025-05-21,1.0
167292320.0,2025-05-12,1.0
167422175.0,2025-05-13,1.0
167373730.0,2025-05-13,1.0
167705273.0,2025-05-26,
167471842.0,2025-05-21,
167292729.0,2025-05-12,1.0
167373730.0,2025-05-22,1.0
167810127.0,2025-06-01,
167810127.0,2025-06-02,1.0
167442216.0,2025-05-18,1.0
167426382.0,2025-05-19,
167890996.0,2025-06-04,
167858857.0,2025-06-04,
167517469.0,2025-05-24,1.0
167423492.0,2025-05-15,1.0
167265221.0,2025-05-14,1.0
167565509.0,2025-05-28,1.0
167271773.0,2025-05-12,1.0
167841362.0,2025-05-30,2.0
167442216.0,2025-06-04,
167402764.0,2025-05-16,1.0
167905722.0,2025-05-31,1.0
167560953.0,2025-05-31,2.0
167241716.0,2025-06-04,
167504217.0,2025-05-22,1.0
167858857.0,2025-06-03,1.0
167688649.0,2025-06-04,
167521340.0,2025-05-23,1.0
167402764.0,2025-06-04,
167471842.0,2025-05-16,2.0
167491713.0,2025-05-18,
167265221.0,2025-05-13,1.0
167428798.0,2025-05-31,1.0
167881257.0,2025-06-04,
167565509.0,2025-05-26,1.0
167851093.0,2025-06-02,2.0
167241716.0,2025-06-03,
167905722.0,2025-06-01,2.0
167491713.0,2025-05-29,
167910477.0,2025-06-03,1.0
167428907.0,2025-05-21,1.0
167442216.0,2025-06-02,1.0
167428907.0,2025-05-27,1.0
167277953.0,2025-05-28,1.0
167355510.0,2025-05-29,1.0
167422175.0,2025-05-31,1.0
167265221.0,2025-06-02,1.0
167265221.0,2025-05-10,2.0
167423492.0,2025-05-23,2.0
167423957.0,2025-06-01,1.0
167306519.0,2025-05-17,1.0
167396091.0,2025-05-12,1.0
167905920.0,2025-05-30,1.0
167419995.0,2025-05-27,3.0
167851093.0,2025-06-03,1.0
167160324.0,2025-05-07,1.0
167428907.0,2025-05-17,1.0
167364080.0,2025-05-23,3.0
167466023.0,2025-05-18,2.0
167521340.0,2025-05-20,1.0
167517469.0,2025-06-01,1.0
167565509.0,2025-05-30,1.0
167424227.0,2025-05-18,1.0
167428907.0,2025-06-02,1.0
167423957.0,2025-05-14,2.0
167466023.0,2025-05-29,2.0
167843227.0,2025-06-03,2.0
167560953.0,2025-05-19,2.0
167292320.0,2025-05-08,1.0
167043362.0,2025-05-29,1.0
167858383.0,2025-06-03,1.0
167843227.0,2025-06-01,4.0
167442216.0,2025-05-20,1.0
167355510.0,2025-05-31,1.0
167428798.0,2025-05-16,4.0
167271773.0,2025-05-25,4.0
167424227.0,2025-05-28,1.0
167424227.0,2025-05-19,1.0
167423957.0,2025-05-15,1.0
167688649.0,2025-05-25,2.0
167420005.0,2025-05-15,3.0
167423492.0,2025-05-19,1.0
167705273.0,2025-05-23,2.0
167521340.0,2025-05-24,1.0
167901874.0,2025-05-30,4.0
167277953.0,2025-05-26,1.0
167861075.0,2025-06-02,2.0
167373730.0,2025-05-21,2.0
167504217.0,2025-05-14,3.0
167355510.0,2025-05-10,2.0
167364080.0,2025-05-30,2.0
167549474.0,2025-05-26,1.0
167428907.0,2025-05-14,1.0
167763101.0,2025-05-25,1.0
167426382.0,2025-05-29,2.0
167271773.0,2025-05-15,2.0
167364080.0,2025-05-18,5.0
167160324.0,2025-05-02,6.0
167841197.0,2025-05-30,2.0
167423492.0,2025-05-28,2.0
167306757.0,2025-05-09,1.0
167688649.0,2025-05-24,1.0
167442216.0,2025-05-25,4.0
167873703.0,2025-06-02,4.0
167402764.0,2025-06-02,4.0
167421578.0,2025-05-30,2.0
167364080.0,2025-05-21,8.0
167517469.0,2025-05-30,2.0
167908820.0,2025-06-03,2.0
167248274.0,2025-05-25,2.0
167842804.0,2025-06-03,2.0
167241716.0,2025-05-06,2.0
167424227.0,2025-06-03,2.0
167466023.0,2025-05-25,2.0
167906269.0,2025-05-31,2.0
167423492.0,2025-05-29,3.0
167442216.0,2025-05-14,3.0
167306757.0,2025-05-07,5.0
167428798.0,2025-05-25,5.0
167355510.0,2025-05-13,2.0
167248274.0,2025-05-24,12.0
167845272.0,2025-06-03,2.0
167629832.0,2025-05-30,6.0
167429492.0,2025-05-13,6.0
167419995.0,2025-05-19,2.0
167717589.0,2025-05-26,3.0
167466023.0,2025-05-23,2.0
167466023.0,2025-06-02,2.0
167565509.0,2025-05-17,11.0
167851093.0,2025-05-29,3.0
167241716.0,2025-05-25,4.0
167428907.0,2025-05-15,8.0
167412454.0,2025-05-15,4.0
167355510.0,2025-05-17,3.0
167688649.0,2025-05-23,4.0
167841362.0,2025-05-28,5.0
167428907.0,2025-05-13,3.0
167373730.0,2025-06-02,3.0
167265221.0,2025-05-26,6.0
167705273.0,2025-05-22,4.0
167890996.0,2025-05-31,3.0
167873703.0,2025-05-31,4.0
167521340.0,2025-06-01,4.0
167906269.0,2025-05-30,3.0
167422175.0,2025-05-12,4.0
167504217.0,2025-05-31,4.0
167873129.0,2025-05-29,4.0
167333192.0,2025-05-25,6.0
167364080.0,2025-05-22,13.0
167881257.0,2025-05-31,3.0
167333192.0,2025-05-09,5.0
167422175.0,2025-05-28,4.0
167735938.0,2025-05-23,4.0
167424227.0,2025-05-15,4.0
167420005.0,2025-05-12,4.0
167420005.0,2025-05-27,3.0
167845272.0,2025-05-28,4.0
167306519.0,2025-05-28,5.0
167402764.0,2025-06-03,5.0
167688649.0,2025-05-30,
167306519.0,2025-05-08,6.0
167420005.0,2025-05-18,6.0
167560953.0,2025-05-16,11.0
167851093.0,2025-05-28,6.0
167629832.0,2025-06-01,4.0
167442216.0,2025-06-03,5.0
167364080.0,2025-06-02,15.0
167875190.0,2025-05-29,6.0
167364080.0,2025-05-28,6.0
167860058.0,2025-06-01,7.0
167271773.0,2025-05-22,5.0
167688649.0,2025-05-21,7.0
167355510.0,2025-05-25,7.0
168007238.0,2025-06-02,8.0
167396091.0,2025-05-11,9.0
167841362.0,2025-06-02,6.0
167818340.0,2025-06-02,
167466023.0,2025-05-15,6.0
167402764.0,2025-05-18,
167373730.0,2025-05-10,11.0
167504217.0,2025-05-15,10.0
167908820.0,2025-05-29,10.0
167881257.0,2025-05-28,12.0
167823981.0,2025-06-03,11.0
167890996.0,2025-06-03,14.0
167763101.0,2025-05-31,
167402764.0,2025-05-23,
167277953.0,2025-05-21,7.0
167823981.0,2025-05-27,24.0
167560953.0,2025-05-17,10.0
167927374.0,2025-05-31,10.0
167306519.0,2025-05-26,11.0
167471842.0,2025-05-23,
167429492.0,2025-05-17,
167277953.0,2025-05-24,14.0
167823981.0,2025-05-31,22.0
167265221.0,2025-05-19,
167422175.0,2025-05-21,
167491713.0,2025-05-25,
167491713.0,2025-05-26,
167265221.0,2025-06-03,
167271773.0,2025-05-18,
167422175.0,2025-05-20,
167504217.0,2025-06-03,
167858383.0,2025-06-02,
167435724.0,2025-05-17,
167277953.0,2025-05-09,
167858857.0,2025-06-02,
167819883.0,2025-05-31,
167043362.0,2025-05-31,
167422175.0,2025-06-03,
167333192.0,2025-05-30,
167333192.0,2025-06-04,
167565509.0,2025-06-03,
167333192.0,2025-05-22,
167424227.0,2025-06-01,
167160324.0,2025-05-29,
167422175.0,2025-06-02,
167292320.0,2025-05-18,
167306757.0,2025-05-31,
167292320.0,2025-05-15,
167423957.0,2025-05-21,
167429492.0,2025-05-21,
167241716.0,2025-06-02,
167735938.0,2025-06-03,
167491713.0,2025-05-24,
167840351.0,2025-05-30,
167425042.0,2025-05-25,
167292729.0,2025-05-10,
167419995.0,2025-06-02,
167840351.0,2025-06-02,
167435724.0,2025-05-16,
167858857.0,2025-05-31,
167241716.0,2025-05-13,
167292729.0,2025-05-22,
167241716.0,2025-05-12,
167421578.0,2025-05-13,
167421578.0,2025-05-25,
167306519.0,2025-06-04,
167292320.0,2025-05-20,
167412454.0,2025-05-16,
167705273.0,2025-05-24,
167906269.0,2025-06-03,
167549474.0,2025-05-19,
167861075.0,2025-06-01,
167355510.0,2025-05-20,
167504217.0,2025-05-23,
167891184.0,2025-06-02,
167521340.0,2025-05-22,
167428907.0,2025-05-19,
167160324.0,2025-05-09,
167504217.0,2025-06-04,
167333192.0,2025-05-20,
167442216.0,2025-05-26,
167333192.0,2025-05-31,
167423492.0,2025-05-21,
167421578.0,2025-05-18,
167412330.0,2025-05-14,
167292729.0,2025-05-29,
167396091.0,2025-05-18,
167507567.0,2025-05-25,
167851093.0,2025-06-01,
167840351.0,2025-06-03,
167614811.0,2025-05-24,
167705273.0,2025-06-03,
167507567.0,2025-05-18,
167875190.0,2025-06-02,
167425042.0,2025-05-14,
167442216.0,2025-06-01,
167905920.0,2025-06-01,
167763101.0,2025-05-30,
167423492.0,2025-05-16,
167424227.0,2025-05-24,
167421578.0,2025-05-17,
167292320.0,2025-05-30,
167426382.0,2025-05-18,
167426382.0,2025-05-30,
167043362.0,2025-05-18,
167423492.0,2025-05-17,
167292729.0,2025-05-13,
167421578.0,2025-05-29,
167277953.0,2025-05-23,
167412330.0,2025-06-04,
167355510.0,2025-06-02,
167905722.0,2025-06-02,
167549474.0,2025-06-04,
167507567.0,2025-06-04,
167419995.0,2025-05-24,
167818167.0,2025-06-04,
167412454.0,2025-06-04,
167517469.0,2025-06-03,
167423957.0,2025-06-02,
167810127.0,2025-06-04,
167265221.0,2025-05-20,
167891184.0,2025-06-04,
167491713.0,2025-05-31,
167905920.0,2025-06-04,
167842804.0,2025-05-28,
167412454.0,2025-05-14,
167373730.0,2025-05-29,
167466023.0,2025-05-28,
167292729.0,2025-06-03,
167424227.0,2025-05-21,
168006899.0,2025-06-04,
167306757.0,2025-06-01,
167517469.0,2025-05-27,
167333192.0,2025-05-12,
167840351.0,2025-06-04,
167717589.0,2025-06-01,
167517469.0,2025-05-16,
167425042.0,2025-05-17,1.0
167248274.0,2025-05-26,
167292320.0,2025-06-04,
167425042.0,2025-06-04,
167466023.0,2025-05-30,1.0
167810127.0,2025-05-30,1.0
167629832.0,2025-05-27,
167043362.0,2025-05-11,
167043362.0,2025-06-04,
167277953.0,2025-05-19,
167424227.0,2025-06-04,
167248274.0,2025-06-04,
167265221.0,2025-05-29,
167818340.0,2025-06-03,
167333192.0,2025-06-01,
167565509.0,2025-06-02,1.0
167241716.0,2025-05-18,
167818340.0,2025-05-28,
167521340.0,2025-05-27,
167428798.0,2025-06-04,
167435724.0,2025-05-24,
167277953.0,2025-06-02,1.0
167614811.0,2025-05-29,
167426382.0,2025-06-03,1.0
167271773.0,2025-05-24,1.0
167412454.0,2025-05-25,1.0
167306519.0,2025-05-19,1.0
167971767.0,2025-06-02,1.0
167420005.0,2025-05-25,
167910477.0,2025-05-31,1.0
167517469.0,2025-05-23,1.0
167873703.0,2025-06-04,
167355510.0,2025-05-28,1.0
167292320.0,2025-05-27,
167763101.0,2025-06-04,
167717589.0,2025-05-25,1.0
167364080.0,2025-06-04,
167435724.0,2025-05-21,1.0
167560953.0,2025-05-26,1.0
167560953.0,2025-06-04,
167819883.0,2025-05-27,1.0
167428798.0,2025-05-26,1.0
167442216.0,2025-05-19,1.0
167491713.0,2025-05-28,
167306757.0,2025-05-13,1.0
167373730.0,2025-05-24,1.0
167043362.0,2025-05-12,
167419995.0,2025-05-30,1.0
167271773.0,2025-05-09,1.0
167426382.0,2025-05-20,1.0
167425042.0,2025-05-31,1.0
167265221.0,2025-05-08,2.0
167425042.0,2025-05-19,
167373730.0,2025-06-01,
167424227.0,2025-05-26,1.0
167901874.0,2025-05-31,2.0
167491713.0,2025-05-27,2.0
167906096.0,2025-05-30,1.0
167521340.0,2025-05-19,1.0
167043362.0,2025-05-07,2.0
167560953.0,2025-05-30,1.0
167851093.0,2025-05-31,1.0
167241716.0,2025-05-10,1.0
167419995.0,2025-05-14,1.0
167423957.0,2025-05-22,1.0
167425042.0,2025-05-28,2.0
167373730.0,2025-05-28,2.0
167614811.0,2025-05-25,1.0
167426382.0,2025-05-15,1.0
167355510.0,2025-05-16,1.0
167248274.0,2025-05-27,1.0
167517469.0,2025-05-19,1.0
167306519.0,2025-05-27,2.0
167426382.0,2025-05-25,2.0
167306519.0,2025-05-09,1.0
167292729.0,2025-05-09,1.0
167861075.0,2025-05-30,2.0
167442216.0,2025-05-27,2.0
167763101.0,2025-05-28,1.0
167423957.0,2025-05-31,1.0
167402764.0,2025-05-13,1.0
167423492.0,2025-06-01,2.0
167402764.0,2025-05-21,1.0
167271773.0,2025-05-20,1.0
167292729.0,2025-05-15,1.0
167946848.0,2025-05-31,1.0
167565509.0,2025-05-29,1.0
167419995.0,2025-05-25,1.0
167396091.0,2025-06-02,2.0
167442216.0,2025-05-31,1.0
167428798.0,2025-05-29,3.0
167466023.0,2025-05-20,4.0
167629832.0,2025-05-20,4.0
167333192.0,2025-05-08,4.0
167422175.0,2025-05-18,1.0
167428907.0,2025-05-28,1.0
167292320.0,2025-06-02,1.0
167419995.0,2025-05-13,1.0
167424227.0,2025-05-27,3.0
167491713.0,2025-05-20,1.0
167858383.0,2025-05-31,1.0
167841362.0,2025-06-03,1.0
167818340.0,2025-05-26,4.0
167442216.0,2025-05-23,1.0
167419995.0,2025-05-26,1.0
167943717.0,2025-06-02,2.0
167422175.0,2025-05-22,2.0
167818340.0,2025-05-27,1.0
167373730.0,2025-05-25,4.0
167901874.0,2025-05-29,5.0
167423492.0,2025-05-13,1.0
167504217.0,2025-05-17,2.0
167560953.0,2025-05-18,2.0
167905920.0,2025-05-29,4.0
167927374.0,2025-06-03,2.0
167306757.0,2025-05-26,2.0
167277953.0,2025-05-27,2.0
167517469.0,2025-05-26,2.0
167277953.0,2025-06-01,2.0
167841197.0,2025-06-01,2.0
167428798.0,2025-05-24,2.0
167818167.0,2025-06-01,1.0
167517469.0,2025-05-15,2.0
167873703.0,2025-06-03,1.0
167442216.0,2025-05-15,2.0
167429492.0,2025-05-14,2.0
167424227.0,2025-05-31,2.0
167420005.0,2025-05-14,7.0
167428798.0,2025-06-01,2.0
167442216.0,2025-05-28,2.0
167333192.0,2025-05-28,2.0
167916181.0,2025-05-31,5.0
167355510.0,2025-05-26,5.0
167421578.0,2025-05-12,6.0
167364080.0,2025-05-13,7.0
167504217.0,2025-05-19,2.0
167860058.0,2025-06-03,2.0
167419995.0,2025-05-12,3.0
167428798.0,2025-05-20,3.0
167549474.0,2025-05-16,3.0
167717589.0,2025-05-23,2.0
167428798.0,2025-05-13,8.0
167306519.0,2025-05-29,2.0
167412454.0,2025-05-31,3.0
167845272.0,2025-06-01,3.0
167842804.0,2025-05-30,3.0
167424227.0,2025-05-13,2.0
167373730.0,2025-05-31,2.0
167875190.0,2025-06-01,5.0
167890996.0,2025-05-30,3.0
167560953.0,2025-05-22,3.0
167763101.0,2025-05-27,2.0
167423957.0,2025-05-12,3.0
167160324.0,2025-05-03,3.0
167841197.0,2025-05-31,3.0
167277953.0,2025-05-31,3.0
167517469.0,2025-05-22,3.0
167466023.0,2025-05-13,3.0
167425042.0,2025-05-12,4.0
167873703.0,2025-06-01,7.0
167428907.0,2025-05-24,9.0
167428907.0,2025-05-12,11.0
167881257.0,2025-06-02,3.0
167841362.0,2025-06-01,3.0
167420005.0,2025-05-22,3.0
167565509.0,2025-06-01,4.0
167629832.0,2025-05-22,4.0
167429492.0,2025-05-24,4.0
167412454.0,2025-05-11,4.0
167699811.0,2025-05-22,4.0
167277953.0,2025-06-03,7.0
167429492.0,2025-05-19,3.0
167818167.0,2025-05-28,4.0
167333192.0,2025-06-03,4.0
167364080.0,2025-05-27,5.0
167429492.0,2025-05-18,4.0
167306519.0,2025-05-12,4.0
167248274.0,2025-05-05,5.0
167491713.0,2025-05-14,5.0
167971767.0,2025-06-01,6.0
167373730.0,2025-05-26,3.0
167823981.0,2025-05-28,3.0
167843227.0,2025-05-30,3.0
167420005.0,2025-05-13,6.0
167614811.0,2025-05-19,5.0
167364080.0,2025-06-03,6.0
167425042.0,2025-05-13,4.0
167810127.0,2025-05-27,4.0
167412454.0,2025-05-12,4.0
167333192.0,2025-05-24,4.0
167292320.0,2025-05-07,5.0
167560953.0,2025-05-28,7.0
167860058.0,2025-05-31,7.0
167841197.0,2025-05-28,7.0
167890996.0,2025-05-29,8.0
167629832.0,2025-05-21,8.0
167306519.0,2025-05-21,8.0
167763101.0,2025-05-24,10.0
167355510.0,2025-05-27,5.0
167428907.0,2025-06-03,6.0
167402764.0,2025-05-20,10.0
167364080.0,2025-05-14,11.0
167471842.0,2025-05-13,9.0
167823981.0,2025-05-26,11.0
167841197.0,2025-05-29,8.0
167927374.0,2025-06-02,11.0
167842804.0,2025-05-27,9.0
167688649.0,2025-05-27,8.0
